CustomerID,Region,JoinDate,TotalOrders,AvgDelay,SevereDelays,Churn
CUST_00001,Colombo 1-15,2023-11-24,346.0,26.791907514450866,121.0,1
CUST_00002,Galle,2023-02-27,123.0,28.463414634146343,45.0,1
CUST_00003,Kandy,2023-01-13,104.0,28.89423076923077,41.0,1
CUST_00004,Colombo Suburbs,2023-05-21,108.0,22.055555555555557,31.0,1
CUST_00005,Colombo 1-15,2023-05-06,77.0,24.61038961038961,25.0,1
CUST_00006,Colombo 1-15,2023-04-25,95.0,24.94736842105263,28.0,1
CUST_00007,Colombo 1-15,2023-03-13,65.0,22.338461538461537,17.0,1
CUST_00008,Gampaha,2023-02-22,54.0,28.98148148148148,19.0,1
CUST_00009,Colombo Suburbs,2023-12-13,59.0,23.440677966101696,20.0,1
CUST_00010,Kandy,2023-10-07,56.0,25.321428571428573,19.0,1
CUST_00011,Colombo 1-15,2023-02-14,69.0,23.434782608695652,19.0,1
CUST_00012,Galle,2023-10-30,49.0,34.204081632653065,23.0,1
CUST_00013,Gampaha,2023-08-05,54.0,28.314814814814813,21.0,1
CUST_00014,Colombo 1-15,2023-01-17,40.0,26.9,15.0,1
CUST_00015,Colombo 1-15,2023-01-16,46.0,27.434782608695652,17.0,1
CUST_00016,Colombo 1-15,2023-02-17,43.0,24.186046511627907,11.0,1
CUST_00017,Colombo 1-15,2023-04-22,42.0,31.238095238095237,17.0,1
CUST_00018,Colombo Suburbs,2023-04-30,38.0,25.57894736842105,11.0,1
CUST_00019,Colombo Suburbs,2023-09-16,32.0,25.71875,13.0,1
CUST_00020,Colombo 1-15,2023-11-05,36.0,26.444444444444443,14.0,1
CUST_00021,Colombo Suburbs,2023-01-14,39.0,33.53846153846154,16.0,1
CUST_00022,Colombo 1-15,2023-10-15,39.0,24.102564102564102,11.0,1
CUST_00023,Colombo 1-15,2023-04-12,41.0,27.634146341463413,15.0,0
CUST_00024,Colombo 1-15,2023-11-29,27.0,20.703703703703702,5.0,0
CUST_00025,Colombo Suburbs,2023-12-26,36.0,25.944444444444443,13.0,1
CUST_00026,Kandy,2023-10-07,37.0,26.486486486486488,14.0,1
CUST_00027,Colombo 1-15,2023-08-03,25.0,31.52,8.0,1
CUST_00028,Colombo Suburbs,2023-04-23,26.0,23.26923076923077,9.0,1
CUST_00029,Colombo Suburbs,2023-08-18,31.0,33.38709677419355,12.0,1
CUST_00030,Colombo 1-15,2023-10-29,29.0,24.310344827586206,9.0,1
CUST_00031,Colombo Suburbs,2023-05-23,27.0,18.48148148148148,6.0,1
CUST_00032,Colombo 1-15,2023-01-04,25.0,20.52,6.0,1
CUST_00033,Colombo 1-15,2023-03-23,35.0,18.542857142857144,9.0,0
CUST_00034,Galle,2023-12-24,28.0,29.857142857142858,12.0,1
CUST_00035,Galle,2023-08-05,37.0,25.91891891891892,11.0,1
CUST_00036,Gampaha,2023-06-24,21.0,17.285714285714285,4.0,0
CUST_00037,Colombo 1-15,2023-05-23,25.0,29.2,10.0,1
CUST_00038,Colombo 1-15,2023-03-21,22.0,37.18181818181818,9.0,0
CUST_00039,Colombo Suburbs,2023-04-21,21.0,29.61904761904762,8.0,1
CUST_00040,Colombo Suburbs,2023-06-22,33.0,28.848484848484848,11.0,1
CUST_00041,Colombo 1-15,2023-02-22,23.0,29.043478260869566,9.0,1
CUST_00042,Colombo Suburbs,2023-02-17,22.0,27.0,7.0,1
CUST_00043,Colombo 1-15,2023-07-14,21.0,38.714285714285715,12.0,0
CUST_00044,Galle,2023-02-19,21.0,28.19047619047619,6.0,1
CUST_00045,Colombo 1-15,2023-07-03,26.0,27.307692307692307,11.0,1
CUST_00046,Colombo Suburbs,2023-06-26,23.0,24.217391304347824,6.0,1
CUST_00047,Colombo 1-15,2023-11-06,18.0,23.38888888888889,7.0,1
CUST_00048,Colombo Suburbs,2023-05-16,26.0,29.846153846153847,11.0,1
CUST_00049,Colombo Suburbs,2023-01-23,21.0,23.047619047619047,6.0,1
CUST_00050,Colombo 1-15,2023-08-24,24.0,27.25,8.0,1
CUST_00051,Galle,2023-10-02,17.0,18.470588235294116,3.0,0
CUST_00052,Kandy,2023-03-05,25.0,31.68,14.0,1
CUST_00053,Galle,2023-07-13,26.0,26.653846153846153,9.0,1
CUST_00054,Gampaha,2023-02-10,23.0,19.82608695652174,5.0,0
CUST_00055,Colombo Suburbs,2023-10-10,23.0,26.565217391304348,7.0,1
CUST_00056,Galle,2023-05-31,27.0,27.074074074074073,13.0,1
CUST_00057,Colombo 1-15,2023-11-18,27.0,29.40740740740741,11.0,1
CUST_00058,Colombo 1-15,2023-11-13,26.0,28.307692307692307,9.0,1
CUST_00059,Colombo 1-15,2023-07-05,28.0,27.714285714285715,11.0,1
CUST_00060,Colombo 1-15,2023-10-23,21.0,34.095238095238095,9.0,1
CUST_00061,Colombo 1-15,2023-04-09,18.0,26.666666666666668,6.0,1
CUST_00062,Colombo 1-15,2023-12-27,22.0,24.5,7.0,1
CUST_00063,Gampaha,2023-02-05,19.0,17.157894736842106,3.0,0
CUST_00064,Colombo 1-15,2023-01-24,13.0,31.384615384615383,4.0,1
CUST_00065,Colombo 1-15,2023-12-05,21.0,17.285714285714285,2.0,0
CUST_00066,Colombo Suburbs,2023-04-27,22.0,26.954545454545453,8.0,1
CUST_00067,Colombo 1-15,2023-05-29,20.0,19.75,7.0,1
CUST_00068,Gampaha,2023-02-10,19.0,27.68421052631579,6.0,0
CUST_00069,Colombo 1-15,2023-04-30,17.0,28.529411764705884,8.0,1
CUST_00070,Galle,2023-02-21,35.0,22.97142857142857,11.0,1
CUST_00071,Kandy,2023-07-14,18.0,30.444444444444443,6.0,1
CUST_00072,Colombo 1-15,2023-05-23,19.0,22.42105263157895,6.0,1
CUST_00073,Colombo 1-15,2023-08-21,18.0,22.11111111111111,5.0,0
CUST_00074,Gampaha,2023-11-22,22.0,20.045454545454547,5.0,1
CUST_00075,Kandy,2023-07-06,18.0,36.27777777777778,5.0,1
CUST_00076,Kandy,2023-03-25,22.0,24.5,6.0,1
CUST_00077,Kandy,2023-07-09,25.0,22.24,10.0,1
CUST_00078,Colombo 1-15,2023-07-01,18.0,29.833333333333332,9.0,1
CUST_00079,Colombo 1-15,2023-04-18,19.0,28.263157894736842,5.0,1
CUST_00080,Colombo 1-15,2023-12-10,23.0,23.52173913043478,6.0,1
CUST_00081,Gampaha,2023-05-17,20.0,21.25,7.0,1
CUST_00082,Colombo Suburbs,2023-12-26,22.0,24.181818181818183,5.0,0
CUST_00083,Colombo 1-15,2023-12-16,14.0,33.857142857142854,5.0,1
CUST_00084,Colombo 1-15,2023-11-28,28.0,29.071428571428573,11.0,1
CUST_00085,Colombo 1-15,2023-02-06,19.0,24.94736842105263,4.0,1
CUST_00086,Colombo 1-15,2023-11-08,14.0,21.785714285714285,5.0,1
CUST_00087,Kandy,2023-11-22,14.0,42.5,11.0,1
CUST_00088,Colombo Suburbs,2023-03-29,22.0,35.13636363636363,10.0,1
CUST_00089,Gampaha,2023-10-01,25.0,23.6,8.0,1
CUST_00090,Colombo Suburbs,2023-05-06,26.0,33.23076923076923,11.0,1
CUST_00091,Colombo 1-15,2023-03-25,8.0,23.25,2.0,0
CUST_00092,Kandy,2023-08-25,21.0,23.61904761904762,5.0,1
CUST_00093,Kandy,2023-07-14,28.0,23.785714285714285,9.0,1
CUST_00094,Colombo Suburbs,2023-05-19,15.0,18.8,3.0,0
CUST_00095,Kandy,2023-11-24,16.0,24.75,5.0,0
CUST_00096,Colombo Suburbs,2023-12-19,12.0,21.166666666666668,2.0,1
CUST_00097,Colombo Suburbs,2023-10-13,22.0,22.863636363636363,5.0,0
CUST_00098,Colombo Suburbs,2023-04-23,13.0,26.615384615384617,5.0,1
CUST_00099,Colombo 1-15,2023-12-17,12.0,29.333333333333332,5.0,1
CUST_00100,Colombo 1-15,2023-06-16,12.0,22.25,2.0,1
CUST_00101,Colombo 1-15,2023-01-29,10.0,32.5,4.0,1
CUST_00102,Colombo Suburbs,2023-04-28,12.0,25.0,4.0,0
CUST_00103,Colombo 1-15,2023-01-17,21.0,25.666666666666668,7.0,1
CUST_00104,Colombo Suburbs,2023-06-11,18.0,23.166666666666668,5.0,1
CUST_00105,Galle,2023-07-25,14.0,26.428571428571427,5.0,1
CUST_00106,Colombo 1-15,2023-05-18,13.0,26.923076923076923,4.0,0
CUST_00107,Colombo Suburbs,2023-02-03,19.0,26.473684210526315,6.0,1
CUST_00108,Kandy,2023-04-19,18.0,26.0,5.0,1
CUST_00109,Colombo 1-15,2023-10-18,19.0,30.263157894736842,6.0,1
CUST_00110,Colombo 1-15,2023-06-11,21.0,27.476190476190474,6.0,1
CUST_00111,Colombo 1-15,2023-04-19,13.0,31.53846153846154,6.0,0
CUST_00112,Colombo 1-15,2023-12-02,10.0,33.6,5.0,1
CUST_00113,Galle,2023-09-13,23.0,34.608695652173914,9.0,1
CUST_00114,Gampaha,2023-07-22,13.0,26.846153846153847,5.0,1
CUST_00115,Colombo Suburbs,2023-11-26,14.0,24.285714285714285,5.0,1
CUST_00116,Gampaha,2023-08-23,18.0,28.22222222222222,6.0,1
CUST_00117,Gampaha,2023-03-15,20.0,30.05,6.0,1
CUST_00118,Colombo 1-15,2023-05-16,12.0,22.916666666666668,3.0,0
CUST_00119,Gampaha,2023-03-13,16.0,28.75,8.0,1
CUST_00120,Colombo Suburbs,2023-05-07,19.0,25.42105263157895,6.0,1
CUST_00121,Gampaha,2023-10-15,14.0,25.785714285714285,3.0,0
CUST_00122,Gampaha,2023-10-03,17.0,25.0,6.0,1
CUST_00123,Colombo 1-15,2023-05-15,13.0,35.76923076923077,6.0,1
CUST_00124,Colombo 1-15,2023-10-27,17.0,30.529411764705884,6.0,1
CUST_00125,Colombo 1-15,2023-08-08,14.0,30.0,4.0,1
CUST_00126,Colombo Suburbs,2023-10-26,14.0,24.428571428571427,4.0,0
CUST_00127,Gampaha,2023-07-24,17.0,24.294117647058822,4.0,0
CUST_00128,Gampaha,2023-07-05,26.0,23.923076923076923,8.0,1
CUST_00129,Colombo 1-15,2023-04-23,18.0,15.5,4.0,0
CUST_00130,Colombo Suburbs,2023-03-12,16.0,24.125,6.0,1
CUST_00131,Colombo Suburbs,2023-09-18,6.0,18.333333333333332,1.0,0
CUST_00132,Colombo 1-15,2023-09-10,13.0,32.23076923076923,6.0,1
CUST_00133,Colombo 1-15,2023-02-16,24.0,27.0,8.0,1
CUST_00134,Colombo 1-15,2023-01-25,17.0,36.411764705882355,7.0,1
CUST_00135,Galle,2023-02-26,11.0,26.727272727272727,4.0,1
CUST_00136,Colombo 1-15,2023-03-20,13.0,35.15384615384615,6.0,1
CUST_00137,Colombo Suburbs,2023-11-18,11.0,25.454545454545453,4.0,1
CUST_00138,Kandy,2023-03-23,17.0,29.823529411764707,6.0,1
CUST_00139,Colombo 1-15,2023-12-15,12.0,30.666666666666668,6.0,1
CUST_00140,Galle,2023-08-05,9.0,24.444444444444443,4.0,0
CUST_00141,Galle,2023-11-02,22.0,33.59090909090909,12.0,1
CUST_00142,Colombo 1-15,2023-02-02,9.0,27.88888888888889,4.0,1
CUST_00143,Colombo Suburbs,2023-07-17,12.0,26.833333333333332,3.0,1
CUST_00144,Colombo 1-15,2023-07-15,14.0,21.5,3.0,1
CUST_00145,Colombo 1-15,2023-11-02,16.0,21.75,4.0,1
CUST_00146,Colombo 1-15,2023-08-28,16.0,20.375,4.0,1
CUST_00147,Colombo Suburbs,2023-09-28,16.0,28.0625,6.0,1
CUST_00148,Colombo Suburbs,2023-05-09,20.0,22.8,7.0,1
CUST_00149,Colombo 1-15,2023-10-11,11.0,33.81818181818182,6.0,1
CUST_00150,Colombo 1-15,2023-01-06,16.0,33.5,7.0,0
CUST_00151,Galle,2023-12-15,18.0,17.444444444444443,4.0,0
CUST_00152,Colombo 1-15,2023-02-28,13.0,27.76923076923077,4.0,1
CUST_00153,Colombo 1-15,2023-12-16,7.0,22.285714285714285,2.0,1
CUST_00154,Colombo Suburbs,2023-10-02,15.0,28.2,5.0,1
CUST_00155,Galle,2023-05-17,8.0,32.625,4.0,0
CUST_00156,Colombo 1-15,2023-11-25,13.0,23.846153846153847,2.0,0
CUST_00157,Colombo Suburbs,2023-06-24,10.0,32.3,5.0,1
CUST_00158,Kandy,2023-02-27,15.0,29.8,5.0,1
CUST_00159,Colombo 1-15,2023-05-31,16.0,23.125,4.0,0
CUST_00160,Kandy,2023-08-11,12.0,28.416666666666668,6.0,1
CUST_00161,Colombo 1-15,2023-03-22,5.0,6.8,0.0,0
CUST_00162,Colombo Suburbs,2023-08-21,14.0,21.071428571428573,4.0,1
CUST_00163,Colombo Suburbs,2023-01-02,19.0,34.26315789473684,8.0,1
CUST_00164,Colombo Suburbs,2023-05-15,13.0,21.23076923076923,4.0,0
CUST_00165,Colombo 1-15,2023-09-14,11.0,25.545454545454547,4.0,1
CUST_00166,Gampaha,2023-04-02,13.0,19.0,3.0,0
CUST_00167,Colombo 1-15,2023-09-17,15.0,42.46666666666667,8.0,1
CUST_00168,Colombo 1-15,2023-02-24,13.0,22.53846153846154,3.0,1
CUST_00169,Colombo 1-15,2023-11-17,12.0,21.25,3.0,0
CUST_00170,Colombo Suburbs,2023-06-02,16.0,25.4375,6.0,1
CUST_00171,Colombo Suburbs,2023-11-24,15.0,28.266666666666666,5.0,1
CUST_00172,Colombo 1-15,2023-09-17,6.0,20.5,2.0,0
CUST_00173,Colombo Suburbs,2023-11-08,11.0,22.545454545454547,3.0,1
CUST_00174,Colombo 1-15,2023-04-12,10.0,19.3,1.0,0
CUST_00175,Colombo Suburbs,2023-03-20,8.0,26.0,2.0,1
CUST_00176,Colombo 1-15,2023-07-11,20.0,33.85,8.0,1
CUST_00177,Colombo Suburbs,2023-03-24,15.0,19.2,3.0,0
CUST_00178,Colombo 1-15,2023-10-04,20.0,22.9,5.0,1
CUST_00179,Galle,2023-09-29,9.0,21.77777777777778,2.0,0
CUST_00180,Colombo 1-15,2023-01-01,13.0,26.846153846153847,4.0,0
CUST_00181,Colombo 1-15,2023-11-03,6.0,13.666666666666666,0.0,0
CUST_00182,Colombo 1-15,2023-06-15,14.0,29.071428571428573,6.0,1
CUST_00183,Galle,2023-09-08,10.0,26.9,5.0,1
CUST_00184,Gampaha,2023-01-10,16.0,32.0,8.0,1
CUST_00185,Colombo 1-15,2023-02-27,17.0,28.0,6.0,1
CUST_00186,Colombo Suburbs,2023-07-05,8.0,23.375,3.0,0
CUST_00187,Gampaha,2023-06-07,13.0,27.384615384615383,3.0,0
CUST_00188,Colombo Suburbs,2023-05-03,8.0,11.5,0.0,0
CUST_00189,Colombo Suburbs,2023-01-30,11.0,33.45454545454545,4.0,1
CUST_00190,Colombo 1-15,2023-05-04,7.0,23.857142857142858,2.0,1
CUST_00191,Colombo 1-15,2023-10-18,11.0,31.727272727272727,4.0,1
CUST_00192,Gampaha,2023-02-10,23.0,39.43478260869565,13.0,1
CUST_00193,Galle,2023-02-13,11.0,20.636363636363637,3.0,1
CUST_00194,Colombo Suburbs,2023-09-06,10.0,13.3,2.0,1
CUST_00195,Colombo 1-15,2023-02-05,11.0,35.0,5.0,1
CUST_00196,Colombo 1-15,2023-09-30,12.0,16.0,2.0,1
CUST_00197,Kandy,2023-03-06,14.0,24.642857142857142,5.0,1
CUST_00198,Gampaha,2023-03-07,14.0,25.714285714285715,5.0,1
CUST_00199,Gampaha,2023-12-04,15.0,43.333333333333336,9.0,1
CUST_00200,Kandy,2023-09-01,11.0,25.818181818181817,5.0,1
CUST_00201,Colombo Suburbs,2023-10-09,18.0,27.0,7.0,1
CUST_00202,Colombo 1-15,2023-03-26,5.0,18.0,1.0,0
CUST_00203,Colombo 1-15,2023-05-16,6.0,19.5,2.0,1
CUST_00204,Gampaha,2023-09-28,9.0,26.88888888888889,3.0,0
CUST_00205,Colombo Suburbs,2023-11-07,11.0,33.27272727272727,6.0,1
CUST_00206,Colombo 1-15,2023-08-05,15.0,21.133333333333333,2.0,1
CUST_00207,Colombo 1-15,2023-04-19,10.0,26.3,5.0,1
CUST_00208,Colombo Suburbs,2023-10-04,10.0,30.4,5.0,1
CUST_00209,Colombo 1-15,2023-12-20,11.0,32.18181818181818,5.0,1
CUST_00210,Colombo 1-15,2023-04-13,11.0,34.18181818181818,6.0,1
CUST_00211,Colombo Suburbs,2024-01-01,12.0,36.75,5.0,1
CUST_00212,Colombo Suburbs,2023-06-09,12.0,28.416666666666668,4.0,1
CUST_00213,Colombo Suburbs,2023-07-24,11.0,34.36363636363637,6.0,1
CUST_00214,Colombo 1-15,2023-12-10,14.0,20.071428571428573,3.0,1
CUST_00215,Kandy,2023-11-29,10.0,27.6,3.0,0
CUST_00216,Colombo 1-15,2023-07-11,13.0,24.076923076923077,3.0,1
CUST_00217,Colombo 1-15,2023-08-13,16.0,25.75,5.0,1
CUST_00218,Kandy,2023-09-22,9.0,29.444444444444443,3.0,1
CUST_00219,Colombo Suburbs,2023-08-20,10.0,13.8,3.0,1
CUST_00220,Gampaha,2023-03-03,9.0,34.22222222222222,4.0,1
CUST_00221,Colombo Suburbs,2023-05-07,13.0,24.76923076923077,4.0,1
CUST_00222,Colombo Suburbs,2023-04-26,11.0,16.09090909090909,2.0,1
CUST_00223,Colombo 1-15,2023-02-02,8.0,30.25,2.0,1
CUST_00224,Colombo 1-15,2023-06-23,17.0,20.705882352941178,5.0,1
CUST_00225,Colombo 1-15,2023-01-11,14.0,37.142857142857146,8.0,1
CUST_00226,Colombo 1-15,2023-10-29,12.0,27.416666666666668,4.0,1
CUST_00227,Galle,2023-10-11,9.0,24.11111111111111,3.0,0
CUST_00228,Colombo 1-15,2023-04-28,12.0,29.416666666666668,5.0,1
CUST_00229,Gampaha,2023-10-29,11.0,21.181818181818183,3.0,0
CUST_00230,Colombo Suburbs,2023-04-23,15.0,33.2,5.0,1
CUST_00231,Kandy,2023-01-04,11.0,28.636363636363637,5.0,1
CUST_00232,Colombo Suburbs,2023-02-06,13.0,19.076923076923077,3.0,0
CUST_00233,Colombo Suburbs,2023-12-29,11.0,34.45454545454545,5.0,1
CUST_00234,Colombo Suburbs,2023-11-20,13.0,24.153846153846153,4.0,1
CUST_00235,Colombo 1-15,2023-01-31,16.0,26.3125,8.0,1
CUST_00236,Kandy,2023-04-28,13.0,30.46153846153846,6.0,1
CUST_00237,Colombo 1-15,2023-02-04,6.0,16.833333333333332,1.0,1
CUST_00238,Colombo 1-15,2023-01-17,13.0,17.0,4.0,1
CUST_00239,Colombo Suburbs,2023-06-19,15.0,31.0,5.0,1
CUST_00240,Colombo 1-15,2023-02-06,13.0,26.923076923076923,5.0,1
CUST_00241,Galle,2023-09-21,9.0,39.22222222222222,5.0,1
CUST_00242,Galle,2023-05-02,10.0,29.5,3.0,0
CUST_00243,Galle,2023-05-23,11.0,16.454545454545453,3.0,0
CUST_00244,Colombo 1-15,2023-12-09,10.0,30.5,4.0,1
CUST_00245,Colombo 1-15,2023-09-06,12.0,13.416666666666666,0.0,0
CUST_00246,Galle,2023-04-20,11.0,25.636363636363637,4.0,0
CUST_00247,Colombo Suburbs,2023-10-04,8.0,33.5,3.0,1
CUST_00248,Galle,2023-03-09,5.0,29.2,2.0,1
CUST_00249,Galle,2023-10-20,11.0,36.27272727272727,5.0,1
CUST_00250,Gampaha,2023-10-23,10.0,36.9,5.0,1
CUST_00251,Colombo 1-15,2023-08-31,7.0,30.571428571428573,3.0,1
CUST_00252,Colombo 1-15,2023-05-05,17.0,18.11764705882353,2.0,0
CUST_00253,Gampaha,2023-08-31,13.0,33.15384615384615,7.0,1
CUST_00254,Colombo 1-15,2023-07-28,12.0,31.333333333333332,5.0,0
CUST_00255,Colombo 1-15,2023-04-08,12.0,23.75,3.0,1
CUST_00256,Colombo Suburbs,2023-02-18,10.0,16.7,2.0,0
CUST_00257,Galle,2023-02-19,6.0,42.5,4.0,1
CUST_00258,Colombo Suburbs,2023-12-04,12.0,26.666666666666668,5.0,1
CUST_00259,Colombo Suburbs,2023-08-09,7.0,26.142857142857142,2.0,1
CUST_00260,Colombo 1-15,2023-07-01,13.0,31.76923076923077,5.0,1
CUST_00261,Colombo Suburbs,2023-08-05,8.0,28.625,3.0,1
CUST_00262,Galle,2023-07-30,11.0,36.09090909090909,5.0,1
CUST_00263,Colombo 1-15,2023-08-28,10.0,27.8,6.0,1
CUST_00264,Colombo Suburbs,2023-01-28,15.0,21.4,4.0,1
CUST_00265,Gampaha,2023-12-11,10.0,29.7,4.0,1
CUST_00266,Kandy,2023-12-01,9.0,30.88888888888889,3.0,1
CUST_00267,Colombo Suburbs,2023-11-27,14.0,22.642857142857142,2.0,0
CUST_00268,Kandy,2023-02-20,5.0,24.4,1.0,0
CUST_00269,Colombo 1-15,2023-02-01,11.0,30.90909090909091,4.0,1
CUST_00270,Colombo 1-15,2023-07-26,7.0,32.42857142857143,3.0,0
CUST_00271,Gampaha,2023-06-23,6.0,21.0,2.0,0
CUST_00272,Gampaha,2023-02-25,13.0,29.615384615384617,6.0,1
CUST_00273,Gampaha,2023-05-08,9.0,14.222222222222221,2.0,0
CUST_00274,Galle,2023-04-09,6.0,19.5,2.0,0
CUST_00275,Colombo Suburbs,2023-04-08,5.0,25.8,2.0,0
CUST_00276,Colombo Suburbs,2023-10-02,17.0,22.647058823529413,6.0,1
CUST_00277,Kandy,2023-08-18,12.0,17.25,1.0,0
CUST_00278,Colombo Suburbs,2023-03-13,11.0,44.36363636363637,7.0,1
CUST_00279,Kandy,2023-08-05,12.0,21.25,3.0,0
CUST_00280,Kandy,2023-04-04,6.0,3.0,0.0,0
CUST_00281,Gampaha,2023-05-23,12.0,15.75,3.0,1
CUST_00282,Colombo 1-15,2023-08-25,9.0,23.333333333333332,2.0,0
CUST_00283,Colombo 1-15,2023-05-08,14.0,29.714285714285715,5.0,1
CUST_00284,Colombo 1-15,2023-02-08,9.0,26.77777777777778,4.0,0
CUST_00285,Colombo Suburbs,2023-08-15,12.0,27.333333333333332,4.0,1
CUST_00286,Colombo 1-15,2023-10-09,9.0,19.11111111111111,2.0,1
CUST_00287,Colombo Suburbs,2023-02-20,6.0,10.0,0.0,0
CUST_00288,Colombo Suburbs,2023-01-26,8.0,37.625,5.0,1
CUST_00289,Colombo 1-15,2023-11-30,10.0,30.7,4.0,1
CUST_00290,Colombo Suburbs,2023-10-04,6.0,22.833333333333332,2.0,0
CUST_00291,Colombo 1-15,2023-01-08,11.0,21.727272727272727,3.0,1
CUST_00292,Colombo 1-15,2023-02-17,10.0,24.5,4.0,0
CUST_00293,Gampaha,2023-05-02,8.0,26.25,2.0,1
CUST_00294,Colombo 1-15,2023-03-27,11.0,23.363636363636363,2.0,0
CUST_00295,Colombo 1-15,2023-07-28,11.0,33.90909090909091,4.0,1
CUST_00296,Colombo Suburbs,2023-09-06,10.0,24.3,3.0,1
CUST_00297,Kandy,2023-09-04,4.0,35.75,2.0,1
CUST_00298,Colombo 1-15,2023-04-20,9.0,13.444444444444445,1.0,0
CUST_00299,Colombo Suburbs,2023-07-25,8.0,48.625,5.0,1
CUST_00300,Colombo 1-15,2023-01-31,10.0,24.6,4.0,1
CUST_00301,Colombo 1-15,2023-03-26,11.0,22.545454545454547,2.0,0
CUST_00302,Colombo Suburbs,2023-07-14,10.0,17.3,2.0,1
CUST_00303,Colombo Suburbs,2023-01-02,8.0,24.0,3.0,0
CUST_00304,Colombo Suburbs,2023-07-19,7.0,25.0,2.0,1
CUST_00305,Kandy,2023-05-16,9.0,20.22222222222222,1.0,0
CUST_00306,Galle,2023-08-21,8.0,27.0,3.0,1
CUST_00307,Colombo Suburbs,2023-05-27,13.0,30.846153846153847,4.0,1
CUST_00308,Colombo 1-15,2023-08-05,8.0,23.625,2.0,0
CUST_00309,Kandy,2023-12-23,15.0,13.0,0.0,0
CUST_00310,Colombo 1-15,2023-10-12,15.0,23.2,3.0,1
CUST_00311,Colombo Suburbs,2023-12-05,6.0,23.0,3.0,1
CUST_00312,Colombo 1-15,2023-09-07,11.0,20.0,2.0,1
CUST_00313,Colombo 1-15,2023-03-21,14.0,20.142857142857142,5.0,1
CUST_00314,Galle,2023-04-08,10.0,32.9,5.0,1
CUST_00315,Gampaha,2023-06-01,6.0,25.0,2.0,0
CUST_00316,Colombo Suburbs,2023-04-22,8.0,29.875,4.0,1
CUST_00317,Colombo Suburbs,2023-01-30,17.0,23.235294117647058,5.0,1
CUST_00318,Colombo 1-15,2023-10-24,12.0,22.25,4.0,1
CUST_00319,Colombo 1-15,2023-10-05,7.0,15.142857142857142,1.0,0
CUST_00320,Colombo 1-15,2023-02-01,6.0,13.333333333333334,0.0,0
CUST_00321,Colombo Suburbs,2023-06-10,13.0,22.923076923076923,3.0,0
CUST_00322,Kandy,2023-01-30,4.0,25.25,1.0,0
CUST_00323,Colombo Suburbs,2023-01-26,12.0,34.166666666666664,5.0,1
CUST_00324,Colombo 1-15,2023-10-27,9.0,31.11111111111111,3.0,1
CUST_00325,Galle,2023-09-02,14.0,19.571428571428573,4.0,0
CUST_00326,Kandy,2023-09-15,11.0,19.181818181818183,3.0,1
CUST_00327,Colombo Suburbs,2023-09-29,6.0,16.333333333333332,1.0,0
CUST_00328,Colombo Suburbs,2023-03-22,9.0,33.333333333333336,4.0,1
CUST_00329,Colombo Suburbs,2023-01-30,11.0,22.727272727272727,2.0,0
CUST_00330,Colombo 1-15,2023-09-18,3.0,54.0,2.0,1
CUST_00331,Colombo 1-15,2023-02-11,16.0,37.875,10.0,1
CUST_00332,Kandy,2023-04-06,11.0,18.09090909090909,2.0,0
CUST_00333,Colombo 1-15,2023-02-05,11.0,26.727272727272727,3.0,1
CUST_00334,Colombo 1-15,2023-11-01,10.0,24.2,4.0,0
CUST_00335,Colombo 1-15,2023-02-04,11.0,19.0,3.0,1
CUST_00336,Colombo 1-15,2023-12-12,11.0,23.727272727272727,3.0,1
CUST_00337,Gampaha,2023-05-01,7.0,22.142857142857142,1.0,0
CUST_00338,Kandy,2023-07-26,23.0,29.47826086956522,7.0,0
CUST_00339,Colombo Suburbs,2023-03-03,10.0,34.3,5.0,1
CUST_00340,Colombo 1-15,2023-10-19,10.0,26.8,3.0,1
CUST_00341,Colombo Suburbs,2023-05-07,5.0,28.2,2.0,0
CUST_00342,Colombo Suburbs,2023-10-24,9.0,24.666666666666668,4.0,1
CUST_00343,Colombo 1-15,2023-11-01,8.0,10.75,2.0,0
CUST_00344,Colombo Suburbs,2023-01-21,8.0,22.25,1.0,1
CUST_00345,Colombo 1-15,2023-11-14,8.0,18.75,1.0,0
CUST_00346,Colombo Suburbs,2023-02-11,14.0,22.214285714285715,3.0,0
CUST_00347,Colombo Suburbs,2023-08-03,8.0,7.625,0.0,0
CUST_00348,Colombo 1-15,2023-12-03,8.0,40.0,6.0,1
CUST_00349,Colombo 1-15,2023-10-26,10.0,36.6,4.0,1
CUST_00350,Colombo Suburbs,2023-10-17,14.0,26.5,4.0,0
CUST_00351,Colombo Suburbs,2023-09-25,13.0,31.0,4.0,1
CUST_00352,Gampaha,2023-06-11,10.0,19.1,2.0,1
CUST_00353,Colombo Suburbs,2023-05-14,8.0,23.875,2.0,0
CUST_00354,Colombo 1-15,2023-04-15,9.0,3.111111111111111,0.0,0
CUST_00355,Colombo 1-15,2023-12-09,7.0,27.142857142857142,3.0,1
CUST_00356,Colombo Suburbs,2023-06-10,4.0,15.25,0.0,0
CUST_00357,Colombo 1-15,2023-05-03,5.0,10.8,0.0,0
CUST_00358,Colombo Suburbs,2023-05-16,9.0,27.555555555555557,3.0,1
CUST_00359,Galle,2023-07-22,9.0,15.333333333333334,1.0,0
CUST_00360,Colombo Suburbs,2023-03-09,6.0,30.333333333333332,3.0,1
CUST_00361,Colombo 1-15,2023-12-10,10.0,21.1,2.0,0
CUST_00362,Colombo Suburbs,2023-11-27,8.0,19.75,2.0,0
CUST_00363,Colombo Suburbs,2023-06-03,7.0,13.0,2.0,0
CUST_00364,Colombo Suburbs,2023-08-23,11.0,32.81818181818182,5.0,1
CUST_00365,Galle,2023-06-11,10.0,32.1,5.0,1
CUST_00366,Colombo 1-15,2023-02-07,17.0,24.823529411764707,5.0,0
CUST_00367,Galle,2023-01-05,9.0,26.444444444444443,3.0,1
CUST_00368,Galle,2023-08-23,9.0,34.44444444444444,4.0,1
CUST_00369,Colombo 1-15,2023-11-15,9.0,36.55555555555556,4.0,1
CUST_00370,Colombo 1-15,2023-10-16,12.0,25.0,5.0,0
CUST_00371,Colombo 1-15,2023-02-21,9.0,40.22222222222222,4.0,1
CUST_00372,Colombo 1-15,2023-02-07,5.0,20.4,1.0,0
CUST_00373,Colombo 1-15,2023-10-03,12.0,23.0,2.0,1
CUST_00374,Colombo Suburbs,2023-04-20,14.0,31.0,7.0,1
CUST_00375,Colombo 1-15,2023-09-17,15.0,21.933333333333334,4.0,1
CUST_00376,Colombo 1-15,2023-05-16,9.0,23.333333333333332,3.0,0
CUST_00377,Gampaha,2023-03-09,12.0,16.333333333333332,2.0,0
CUST_00378,Colombo 1-15,2023-06-28,8.0,18.75,1.0,0
CUST_00379,Gampaha,2023-02-05,10.0,22.7,2.0,1
CUST_00380,Colombo 1-15,2023-05-06,4.0,26.0,2.0,1
CUST_00381,Colombo 1-15,2023-07-09,10.0,39.1,5.0,1
CUST_00382,Colombo Suburbs,2023-05-26,6.0,29.0,2.0,0
CUST_00383,Colombo Suburbs,2023-03-22,5.0,38.2,2.0,0
CUST_00384,Gampaha,2023-08-13,12.0,26.916666666666668,6.0,1
CUST_00385,Kandy,2023-10-06,8.0,29.875,4.0,1
CUST_00386,Gampaha,2023-12-27,8.0,24.375,3.0,1
CUST_00387,Colombo 1-15,2023-06-04,10.0,21.0,3.0,1
CUST_00388,Colombo 1-15,2023-11-10,10.0,24.0,3.0,1
CUST_00389,Kandy,2023-12-01,4.0,25.25,1.0,1
CUST_00390,Gampaha,2023-09-28,13.0,17.0,2.0,1
CUST_00391,Galle,2023-01-05,8.0,16.0,2.0,0
CUST_00392,Colombo Suburbs,2023-12-08,11.0,22.0,3.0,1
CUST_00393,Colombo 1-15,2023-10-11,11.0,23.0,2.0,1
CUST_00394,Kandy,2023-06-03,9.0,34.55555555555556,3.0,1
CUST_00395,Colombo 1-15,2023-12-06,9.0,45.333333333333336,6.0,1
CUST_00396,Galle,2023-02-23,5.0,5.6,0.0,0
CUST_00397,Gampaha,2023-03-10,6.0,24.833333333333332,3.0,1
CUST_00398,Colombo Suburbs,2023-05-16,7.0,18.142857142857142,2.0,1
CUST_00399,Kandy,2023-03-01,7.0,28.285714285714285,2.0,1
CUST_00400,Kandy,2023-02-24,6.0,19.0,0.0,0
CUST_00401,Colombo 1-15,2023-10-11,5.0,21.0,1.0,0
CUST_00402,Galle,2023-03-21,10.0,22.7,3.0,1
CUST_00403,Colombo Suburbs,2023-05-20,6.0,41.5,4.0,1
CUST_00404,Gampaha,2023-05-25,12.0,23.75,4.0,1
CUST_00405,Colombo 1-15,2023-11-06,14.0,24.857142857142858,4.0,0
CUST_00406,Gampaha,2023-04-18,12.0,18.083333333333332,1.0,0
CUST_00407,Colombo 1-15,2023-06-25,8.0,9.5,1.0,1
CUST_00408,Colombo 1-15,2023-04-15,11.0,28.272727272727273,5.0,1
CUST_00409,Galle,2023-12-18,10.0,33.1,6.0,1
CUST_00410,Colombo 1-15,2023-11-21,5.0,19.6,2.0,1
CUST_00411,Colombo 1-15,2023-05-16,10.0,26.7,5.0,1
CUST_00412,Galle,2023-09-16,6.0,20.166666666666668,1.0,0
CUST_00413,Galle,2023-09-08,9.0,42.666666666666664,5.0,1
CUST_00414,Colombo Suburbs,2023-05-09,8.0,33.125,4.0,1
CUST_00415,Colombo Suburbs,2023-01-27,8.0,30.0,4.0,1
CUST_00416,Colombo Suburbs,2023-02-17,8.0,32.25,6.0,1
CUST_00417,Colombo 1-15,2023-11-21,5.0,24.2,2.0,1
CUST_00418,Colombo 1-15,2023-08-05,7.0,33.0,3.0,1
CUST_00419,Colombo Suburbs,2023-05-22,8.0,43.625,4.0,1
CUST_00420,Kandy,2023-01-23,14.0,24.857142857142858,5.0,1
CUST_00421,Kandy,2023-01-02,8.0,29.875,2.0,1
CUST_00422,Kandy,2023-06-20,11.0,18.181818181818183,1.0,1
CUST_00423,Colombo 1-15,2023-03-08,8.0,15.125,0.0,0
CUST_00424,Colombo Suburbs,2023-11-23,10.0,29.2,3.0,1
CUST_00425,Colombo 1-15,2023-05-15,11.0,22.09090909090909,3.0,1
CUST_00426,Colombo Suburbs,2023-03-24,0.0,0.0,0.0,0
CUST_00427,Colombo Suburbs,2023-08-15,4.0,13.0,0.0,0
CUST_00428,Gampaha,2023-10-10,9.0,13.333333333333334,1.0,0
CUST_00429,Colombo 1-15,2023-12-28,2.0,41.5,1.0,1
CUST_00430,Colombo 1-15,2023-08-07,9.0,36.44444444444444,5.0,1
CUST_00431,Colombo 1-15,2023-10-15,15.0,20.2,3.0,1
CUST_00432,Kandy,2023-01-05,12.0,31.25,4.0,1
CUST_00433,Colombo Suburbs,2023-02-27,6.0,22.5,1.0,0
CUST_00434,Colombo 1-15,2023-02-08,4.0,38.25,2.0,1
CUST_00435,Colombo 1-15,2023-12-20,7.0,36.857142857142854,3.0,1
CUST_00436,Kandy,2023-03-18,7.0,11.285714285714286,0.0,0
CUST_00437,Colombo 1-15,2023-10-07,4.0,7.75,1.0,1
CUST_00438,Gampaha,2023-01-19,14.0,27.357142857142858,5.0,1
CUST_00439,Kandy,2023-07-09,9.0,43.666666666666664,6.0,1
CUST_00440,Colombo 1-15,2023-10-26,8.0,33.125,3.0,1
CUST_00441,Colombo 1-15,2023-10-10,9.0,18.666666666666668,3.0,1
CUST_00442,Galle,2023-03-17,5.0,16.8,1.0,0
CUST_00443,Colombo 1-15,2023-08-09,11.0,29.09090909090909,3.0,1
CUST_00444,Colombo 1-15,2023-03-07,12.0,26.0,5.0,1
CUST_00445,Gampaha,2023-01-22,11.0,31.272727272727273,3.0,1
CUST_00446,Galle,2023-06-07,9.0,25.444444444444443,3.0,1
CUST_00447,Galle,2023-07-06,7.0,32.57142857142857,3.0,1
CUST_00448,Kandy,2023-01-21,5.0,37.0,3.0,1
CUST_00449,Colombo 1-15,2023-07-03,15.0,22.266666666666666,6.0,1
CUST_00450,Colombo 1-15,2023-04-18,7.0,43.42857142857143,6.0,1
CUST_00451,Kandy,2023-12-16,3.0,27.666666666666668,1.0,0
CUST_00452,Colombo Suburbs,2023-05-08,10.0,28.2,5.0,1
CUST_00453,Colombo Suburbs,2023-12-08,13.0,25.153846153846153,4.0,1
CUST_00454,Galle,2023-02-22,6.0,27.833333333333332,2.0,0
CUST_00455,Colombo 1-15,2023-07-01,12.0,39.75,7.0,1
CUST_00456,Colombo Suburbs,2023-10-14,5.0,19.2,1.0,1
CUST_00457,Colombo 1-15,2023-07-28,4.0,23.5,1.0,1
CUST_00458,Colombo Suburbs,2023-11-14,2.0,31.5,1.0,0
CUST_00459,Colombo 1-15,2023-03-21,5.0,19.6,0.0,0
CUST_00460,Colombo 1-15,2023-05-02,4.0,29.75,1.0,0
CUST_00461,Colombo 1-15,2023-03-25,3.0,21.333333333333332,1.0,0
CUST_00462,Colombo Suburbs,2023-04-01,5.0,29.8,2.0,1
CUST_00463,Kandy,2023-07-31,8.0,26.75,2.0,0
CUST_00464,Colombo Suburbs,2023-01-13,12.0,33.583333333333336,6.0,1
CUST_00465,Galle,2023-04-02,9.0,26.333333333333332,2.0,0
CUST_00466,Colombo 1-15,2023-06-20,8.0,23.5,4.0,0
CUST_00467,Colombo 1-15,2023-07-30,9.0,23.11111111111111,2.0,0
CUST_00468,Gampaha,2023-12-09,7.0,24.857142857142858,2.0,1
CUST_00469,Colombo 1-15,2023-05-08,13.0,22.23076923076923,4.0,0
CUST_00470,Galle,2023-05-17,7.0,32.0,4.0,1
CUST_00471,Colombo 1-15,2023-03-23,13.0,24.615384615384617,5.0,0
CUST_00472,Galle,2023-12-26,8.0,29.0,5.0,1
CUST_00473,Colombo 1-15,2023-02-25,10.0,26.6,2.0,0
CUST_00474,Gampaha,2023-07-15,3.0,32.666666666666664,1.0,0
CUST_00475,Colombo Suburbs,2023-01-20,6.0,27.333333333333332,3.0,0
CUST_00476,Galle,2023-08-29,14.0,40.0,6.0,1
CUST_00477,Colombo 1-15,2023-04-24,9.0,14.444444444444445,1.0,0
CUST_00478,Colombo Suburbs,2023-04-13,7.0,27.428571428571427,3.0,0
CUST_00479,Galle,2023-08-24,9.0,29.11111111111111,3.0,1
CUST_00480,Colombo Suburbs,2023-06-29,6.0,46.0,3.0,1
CUST_00481,Colombo Suburbs,2023-06-06,8.0,20.75,2.0,0
CUST_00482,Colombo Suburbs,2023-04-27,3.0,14.333333333333334,0.0,0
CUST_00483,Colombo Suburbs,2023-04-25,11.0,25.636363636363637,2.0,1
CUST_00484,Colombo Suburbs,2023-01-13,10.0,27.5,4.0,1
CUST_00485,Colombo Suburbs,2023-12-04,6.0,22.333333333333332,2.0,1
CUST_00486,Galle,2023-04-09,10.0,28.4,4.0,1
CUST_00487,Colombo 1-15,2023-07-24,10.0,22.7,4.0,1
CUST_00488,Colombo 1-15,2023-06-18,8.0,39.0,5.0,1
CUST_00489,Galle,2023-05-23,5.0,21.6,1.0,0
CUST_00490,Gampaha,2023-02-05,8.0,36.75,4.0,1
CUST_00491,Colombo Suburbs,2023-05-23,5.0,30.8,1.0,1
CUST_00492,Colombo Suburbs,2023-06-29,8.0,38.5,4.0,1
CUST_00493,Colombo 1-15,2023-11-25,9.0,31.444444444444443,5.0,1
CUST_00494,Colombo 1-15,2023-09-18,4.0,13.5,0.0,0
CUST_00495,Colombo Suburbs,2023-07-24,5.0,26.6,2.0,0
CUST_00496,Colombo 1-15,2023-12-14,8.0,37.25,4.0,1
CUST_00497,Colombo Suburbs,2023-10-02,10.0,24.3,3.0,0
CUST_00498,Colombo 1-15,2023-06-19,4.0,18.25,1.0,0
CUST_00499,Galle,2023-01-15,3.0,13.0,0.0,1
CUST_00500,Galle,2023-03-01,6.0,18.0,1.0,0
CUST_00501,Colombo Suburbs,2023-05-14,14.0,29.142857142857142,6.0,1
CUST_00502,Colombo Suburbs,2023-04-02,9.0,25.88888888888889,3.0,1
CUST_00503,Colombo 1-15,2023-10-25,7.0,10.428571428571429,0.0,0
CUST_00504,Gampaha,2023-05-16,5.0,33.8,2.0,1
CUST_00505,Colombo Suburbs,2023-01-20,9.0,24.88888888888889,4.0,1
CUST_00506,Colombo 1-15,2023-02-25,9.0,19.77777777777778,2.0,1
CUST_00507,Galle,2023-11-02,11.0,32.27272727272727,5.0,1
CUST_00508,Gampaha,2023-08-11,10.0,18.9,2.0,1
CUST_00509,Galle,2023-06-26,8.0,35.5,3.0,1
CUST_00510,Kandy,2023-06-10,9.0,37.55555555555556,4.0,1
CUST_00511,Colombo Suburbs,2023-08-12,10.0,25.3,2.0,1
CUST_00512,Colombo Suburbs,2023-11-07,11.0,27.727272727272727,5.0,1
CUST_00513,Galle,2023-09-19,9.0,26.77777777777778,3.0,0
CUST_00514,Gampaha,2023-03-01,6.0,22.833333333333332,1.0,0
CUST_00515,Colombo 1-15,2023-07-17,2.0,27.5,0.0,0
CUST_00516,Colombo 1-15,2023-10-23,7.0,36.857142857142854,3.0,1
CUST_00517,Colombo 1-15,2023-04-08,5.0,25.0,2.0,0
CUST_00518,Gampaha,2023-05-11,8.0,23.625,2.0,0
CUST_00519,Galle,2023-01-23,6.0,19.333333333333332,1.0,0
CUST_00520,Colombo 1-15,2023-12-29,11.0,31.272727272727273,6.0,1
CUST_00521,Colombo Suburbs,2023-08-12,7.0,14.428571428571429,1.0,0
CUST_00522,Colombo 1-15,2023-01-01,5.0,27.2,1.0,1
CUST_00523,Galle,2023-09-24,10.0,27.3,3.0,1
CUST_00524,Gampaha,2023-10-03,10.0,37.1,5.0,1
CUST_00525,Gampaha,2023-12-18,9.0,32.666666666666664,3.0,1
CUST_00526,Colombo Suburbs,2023-12-10,13.0,33.38461538461539,7.0,1
CUST_00527,Colombo Suburbs,2023-04-11,6.0,27.5,2.0,1
CUST_00528,Colombo 1-15,2023-07-06,8.0,25.875,2.0,0
CUST_00529,Colombo 1-15,2023-08-09,8.0,15.5,1.0,0
CUST_00530,Gampaha,2023-02-05,6.0,25.5,1.0,1
CUST_00531,Gampaha,2023-12-07,11.0,21.09090909090909,4.0,1
CUST_00532,Galle,2023-06-19,3.0,31.333333333333332,1.0,1
CUST_00533,Galle,2023-11-16,7.0,21.142857142857142,3.0,1
CUST_00534,Colombo Suburbs,2023-06-10,10.0,33.9,4.0,1
CUST_00535,Kandy,2023-12-06,8.0,19.375,2.0,0
CUST_00536,Galle,2023-03-05,7.0,16.714285714285715,0.0,0
CUST_00537,Gampaha,2023-06-03,8.0,24.625,2.0,0
CUST_00538,Colombo 1-15,2023-09-17,9.0,25.0,3.0,1
CUST_00539,Colombo Suburbs,2023-06-08,6.0,28.666666666666668,3.0,1
CUST_00540,Colombo 1-15,2023-12-08,8.0,28.875,4.0,1
CUST_00541,Galle,2023-07-29,5.0,21.8,2.0,1
CUST_00542,Colombo Suburbs,2023-06-17,9.0,35.111111111111114,3.0,1
CUST_00543,Colombo 1-15,2023-07-26,3.0,37.0,1.0,1
CUST_00544,Colombo Suburbs,2023-12-23,10.0,21.5,3.0,1
CUST_00545,Colombo Suburbs,2023-06-01,10.0,21.1,5.0,0
CUST_00546,Colombo 1-15,2023-10-11,4.0,19.25,2.0,1
CUST_00547,Colombo 1-15,2023-03-07,2.0,42.0,2.0,1
CUST_00548,Colombo Suburbs,2023-04-09,7.0,36.0,2.0,0
CUST_00549,Colombo Suburbs,2023-08-04,7.0,12.857142857142858,1.0,0
CUST_00550,Kandy,2023-12-07,7.0,17.285714285714285,1.0,0
CUST_00551,Colombo Suburbs,2023-07-14,6.0,20.333333333333332,1.0,0
CUST_00552,Gampaha,2023-12-13,10.0,29.7,4.0,1
CUST_00553,Colombo Suburbs,2023-03-31,5.0,13.8,0.0,0
CUST_00554,Colombo Suburbs,2023-11-12,1.0,30.0,0.0,0
CUST_00555,Gampaha,2023-10-19,9.0,18.666666666666668,3.0,1
CUST_00556,Colombo Suburbs,2023-06-04,7.0,25.0,2.0,0
CUST_00557,Colombo 1-15,2023-07-27,11.0,28.0,3.0,1
CUST_00558,Colombo 1-15,2023-10-08,5.0,27.0,2.0,0
CUST_00559,Kandy,2023-01-01,7.0,36.0,3.0,1
CUST_00560,Colombo Suburbs,2023-06-05,3.0,1.6666666666666667,0.0,0
CUST_00561,Kandy,2023-05-27,6.0,28.5,3.0,1
CUST_00562,Colombo 1-15,2023-04-18,8.0,32.625,4.0,1
CUST_00563,Colombo 1-15,2023-08-09,2.0,17.0,0.0,0
CUST_00564,Colombo 1-15,2023-10-24,6.0,26.666666666666668,2.0,0
CUST_00565,Colombo 1-15,2023-11-07,6.0,19.166666666666668,1.0,1
CUST_00566,Colombo Suburbs,2023-12-02,8.0,43.875,5.0,1
CUST_00567,Colombo 1-15,2023-06-14,17.0,26.235294117647058,5.0,1
CUST_00568,Colombo Suburbs,2023-08-27,2.0,13.5,0.0,0
CUST_00569,Galle,2023-08-15,9.0,17.22222222222222,2.0,0
CUST_00570,Colombo 1-15,2023-08-15,9.0,32.55555555555556,3.0,1
CUST_00571,Colombo Suburbs,2023-12-12,6.0,25.166666666666668,2.0,0
CUST_00572,Kandy,2023-04-20,8.0,47.0,6.0,1
CUST_00573,Colombo 1-15,2023-09-19,4.0,24.25,2.0,1
CUST_00574,Colombo Suburbs,2023-08-31,8.0,21.5,3.0,0
CUST_00575,Gampaha,2023-03-28,4.0,20.5,1.0,0
CUST_00576,Galle,2023-12-04,7.0,14.142857142857142,1.0,0
CUST_00577,Colombo 1-15,2023-02-13,5.0,63.8,3.0,1
CUST_00578,Galle,2023-05-26,14.0,25.5,5.0,1
CUST_00579,Colombo Suburbs,2023-09-21,8.0,44.25,6.0,1
CUST_00580,Colombo 1-15,2023-12-06,9.0,25.444444444444443,3.0,1
CUST_00581,Colombo Suburbs,2023-11-21,4.0,34.25,2.0,1
CUST_00582,Galle,2023-11-14,6.0,8.333333333333334,0.0,0
CUST_00583,Colombo Suburbs,2023-06-21,3.0,32.666666666666664,1.0,0
CUST_00584,Colombo 1-15,2023-02-17,5.0,17.2,1.0,1
CUST_00585,Colombo Suburbs,2023-05-01,9.0,30.555555555555557,4.0,1
CUST_00586,Colombo 1-15,2023-12-11,8.0,37.625,5.0,1
CUST_00587,Colombo 1-15,2023-06-08,8.0,24.5,3.0,0
CUST_00588,Colombo 1-15,2023-04-26,7.0,46.857142857142854,5.0,0
CUST_00589,Colombo 1-15,2023-04-12,7.0,18.142857142857142,1.0,0
CUST_00590,Colombo 1-15,2023-03-17,7.0,15.0,2.0,0
CUST_00591,Colombo 1-15,2023-01-13,10.0,30.6,4.0,1
CUST_00592,Colombo Suburbs,2023-01-24,8.0,41.75,5.0,1
CUST_00593,Colombo 1-15,2023-05-06,15.0,25.8,4.0,1
CUST_00594,Colombo 1-15,2023-09-01,8.0,20.5,2.0,1
CUST_00595,Gampaha,2023-11-09,8.0,26.5,3.0,1
CUST_00596,Colombo Suburbs,2023-02-07,6.0,16.166666666666668,0.0,0
CUST_00597,Colombo Suburbs,2023-08-22,10.0,20.0,3.0,0
CUST_00598,Colombo 1-15,2023-08-01,11.0,28.272727272727273,3.0,0
CUST_00599,Colombo 1-15,2023-11-19,4.0,10.25,0.0,0
CUST_00600,Colombo 1-15,2023-10-22,4.0,50.25,2.0,1
CUST_00601,Colombo 1-15,2023-04-10,7.0,20.285714285714285,2.0,1
CUST_00602,Colombo 1-15,2023-12-23,6.0,19.833333333333332,1.0,0
CUST_00603,Colombo 1-15,2023-07-16,10.0,24.3,3.0,0
CUST_00604,Colombo 1-15,2023-09-11,5.0,30.6,3.0,0
CUST_00605,Colombo 1-15,2023-07-24,7.0,18.0,2.0,1
CUST_00606,Colombo Suburbs,2023-05-05,6.0,25.5,2.0,1
CUST_00607,Colombo 1-15,2023-03-17,7.0,21.142857142857142,1.0,0
CUST_00608,Colombo 1-15,2023-12-02,3.0,22.333333333333332,1.0,0
CUST_00609,Colombo Suburbs,2023-12-19,9.0,21.77777777777778,1.0,0
CUST_00610,Colombo Suburbs,2023-01-03,5.0,35.6,2.0,1
CUST_00611,Colombo 1-15,2023-02-24,9.0,25.0,3.0,1
CUST_00612,Kandy,2023-08-06,4.0,26.75,2.0,0
CUST_00613,Colombo Suburbs,2023-04-23,9.0,34.77777777777778,2.0,1
CUST_00614,Colombo 1-15,2023-04-01,9.0,16.88888888888889,1.0,0
CUST_00615,Gampaha,2023-12-23,6.0,25.5,2.0,0
CUST_00616,Galle,2023-09-23,8.0,27.125,4.0,0
CUST_00617,Colombo 1-15,2023-08-26,7.0,18.142857142857142,1.0,1
CUST_00618,Colombo 1-15,2023-01-26,3.0,17.333333333333332,0.0,0
CUST_00619,Gampaha,2023-10-13,5.0,21.8,1.0,0
CUST_00620,Kandy,2023-05-08,11.0,23.454545454545453,4.0,1
CUST_00621,Colombo 1-15,2023-03-04,8.0,29.5,3.0,1
CUST_00622,Colombo 1-15,2023-08-22,10.0,24.3,3.0,1
CUST_00623,Colombo 1-15,2023-03-10,8.0,27.375,1.0,0
CUST_00624,Colombo Suburbs,2023-08-26,5.0,27.0,1.0,0
CUST_00625,Colombo Suburbs,2023-12-08,6.0,24.333333333333332,1.0,0
CUST_00626,Colombo 1-15,2023-09-29,3.0,24.0,1.0,0
CUST_00627,Colombo Suburbs,2023-10-14,8.0,6.625,0.0,0
CUST_00628,Kandy,2023-11-01,9.0,16.88888888888889,1.0,0
CUST_00629,Colombo 1-15,2023-06-12,6.0,30.5,3.0,1
CUST_00630,Colombo 1-15,2023-08-15,5.0,18.8,2.0,0
CUST_00631,Kandy,2023-11-10,4.0,40.5,2.0,1
CUST_00632,Gampaha,2023-09-16,6.0,30.333333333333332,2.0,0
CUST_00633,Colombo Suburbs,2023-08-07,8.0,19.625,2.0,1
CUST_00634,Colombo Suburbs,2023-10-08,5.0,32.0,2.0,1
CUST_00635,Colombo 1-15,2023-08-17,6.0,33.166666666666664,3.0,1
CUST_00636,Colombo Suburbs,2023-03-23,6.0,23.333333333333332,3.0,1
CUST_00637,Colombo Suburbs,2023-09-01,8.0,27.375,1.0,0
CUST_00638,Colombo 1-15,2023-08-19,6.0,19.833333333333332,2.0,1
CUST_00639,Colombo 1-15,2023-05-13,10.0,27.5,5.0,1
CUST_00640,Colombo 1-15,2023-05-07,16.0,21.625,4.0,1
CUST_00641,Colombo 1-15,2023-11-23,8.0,31.875,4.0,1
CUST_00642,Colombo 1-15,2023-05-22,7.0,16.857142857142858,2.0,1
CUST_00643,Colombo 1-15,2023-09-24,3.0,23.666666666666668,1.0,1
CUST_00644,Colombo 1-15,2023-09-06,4.0,27.5,2.0,0
CUST_00645,Colombo 1-15,2023-11-17,3.0,24.666666666666668,1.0,1
CUST_00646,Gampaha,2023-05-03,4.0,20.25,0.0,0
CUST_00647,Colombo Suburbs,2023-05-21,4.0,12.75,1.0,0
CUST_00648,Colombo Suburbs,2023-08-14,9.0,22.333333333333332,2.0,1
CUST_00649,Kandy,2023-02-09,8.0,16.375,2.0,0
CUST_00650,Colombo Suburbs,2024-01-01,1.0,82.0,1.0,1
CUST_00651,Colombo 1-15,2023-05-27,8.0,23.0,0.0,0
CUST_00652,Colombo Suburbs,2023-05-01,7.0,22.142857142857142,2.0,0
CUST_00653,Colombo Suburbs,2023-05-20,7.0,24.571428571428573,2.0,1
CUST_00654,Kandy,2023-06-21,9.0,21.0,3.0,0
CUST_00655,Colombo Suburbs,2023-06-13,9.0,14.333333333333334,2.0,1
CUST_00656,Colombo 1-15,2023-10-04,5.0,27.4,2.0,1
CUST_00657,Colombo 1-15,2023-02-11,4.0,17.75,0.0,0
CUST_00658,Colombo 1-15,2023-03-12,7.0,18.428571428571427,2.0,1
CUST_00659,Colombo Suburbs,2023-03-19,8.0,21.875,3.0,0
CUST_00660,Colombo Suburbs,2023-04-29,6.0,21.666666666666668,2.0,1
CUST_00661,Colombo 1-15,2023-07-16,3.0,22.333333333333332,1.0,1
CUST_00662,Galle,2023-12-22,4.0,21.25,1.0,0
CUST_00663,Colombo Suburbs,2023-03-20,10.0,18.8,3.0,0
CUST_00664,Colombo 1-15,2023-12-28,1.0,0.0,0.0,0
CUST_00665,Colombo 1-15,2023-04-20,6.0,19.833333333333332,0.0,0
CUST_00666,Colombo 1-15,2023-02-02,18.0,24.333333333333332,6.0,1
CUST_00667,Colombo 1-15,2023-08-01,7.0,18.285714285714285,2.0,0
CUST_00668,Colombo 1-15,2023-07-28,4.0,35.25,2.0,1
CUST_00669,Colombo 1-15,2023-06-19,9.0,24.555555555555557,2.0,0
CUST_00670,Colombo 1-15,2023-10-05,7.0,30.285714285714285,3.0,1
CUST_00671,Colombo 1-15,2023-08-27,6.0,14.833333333333334,0.0,0
CUST_00672,Gampaha,2023-08-01,6.0,16.166666666666668,1.0,0
CUST_00673,Colombo 1-15,2023-02-01,10.0,18.8,2.0,0
CUST_00674,Colombo Suburbs,2023-04-16,5.0,23.8,2.0,0
CUST_00675,Colombo Suburbs,2023-08-04,9.0,21.88888888888889,3.0,0
CUST_00676,Galle,2023-07-19,9.0,27.77777777777778,3.0,1
CUST_00677,Colombo 1-15,2023-10-27,7.0,14.142857142857142,1.0,0
CUST_00678,Colombo 1-15,2023-12-23,5.0,24.6,1.0,1
CUST_00679,Galle,2023-01-11,7.0,16.857142857142858,1.0,0
CUST_00680,Gampaha,2023-10-22,9.0,33.888888888888886,5.0,1
CUST_00681,Gampaha,2023-07-14,7.0,31.0,3.0,1
CUST_00682,Colombo 1-15,2023-09-02,4.0,32.5,2.0,1
CUST_00683,Colombo 1-15,2023-01-04,4.0,9.5,0.0,0
CUST_00684,Colombo Suburbs,2023-06-30,5.0,43.8,3.0,1
CUST_00685,Galle,2023-06-02,6.0,24.833333333333332,2.0,1
CUST_00686,Colombo Suburbs,2023-07-19,7.0,31.0,4.0,1
CUST_00687,Colombo Suburbs,2023-08-03,7.0,18.714285714285715,1.0,0
CUST_00688,Colombo 1-15,2023-10-03,6.0,22.5,2.0,1
CUST_00689,Kandy,2023-10-07,4.0,26.25,1.0,0
CUST_00690,Colombo 1-15,2023-11-05,5.0,37.6,3.0,1
CUST_00691,Colombo 1-15,2023-04-23,9.0,35.111111111111114,4.0,1
CUST_00692,Colombo Suburbs,2023-09-07,7.0,32.714285714285715,3.0,1
CUST_00693,Colombo Suburbs,2023-04-23,8.0,20.0,2.0,1
CUST_00694,Colombo 1-15,2023-05-20,9.0,28.11111111111111,3.0,1
CUST_00695,Colombo 1-15,2023-08-12,7.0,16.142857142857142,1.0,0
CUST_00696,Colombo Suburbs,2023-09-06,3.0,12.666666666666666,0.0,0
CUST_00697,Colombo 1-15,2023-01-15,5.0,23.2,2.0,0
CUST_00698,Colombo Suburbs,2023-07-19,7.0,20.428571428571427,1.0,0
CUST_00699,Colombo 1-15,2023-06-22,7.0,25.571428571428573,2.0,0
CUST_00700,Colombo Suburbs,2023-12-09,7.0,46.57142857142857,4.0,1
CUST_00701,Colombo Suburbs,2023-12-14,3.0,3.3333333333333335,0.0,0
CUST_00702,Colombo 1-15,2023-07-27,7.0,21.428571428571427,2.0,0
CUST_00703,Colombo 1-15,2023-03-26,5.0,22.6,1.0,1
CUST_00704,Colombo 1-15,2023-08-28,6.0,22.0,2.0,1
CUST_00705,Colombo 1-15,2023-03-07,13.0,31.46153846153846,6.0,1
CUST_00706,Galle,2023-11-15,3.0,15.666666666666666,0.0,0
CUST_00707,Colombo 1-15,2023-10-01,3.0,39.333333333333336,1.0,1
CUST_00708,Gampaha,2023-01-14,4.0,5.25,0.0,0
CUST_00709,Colombo 1-15,2023-07-21,11.0,18.545454545454547,3.0,0
CUST_00710,Colombo Suburbs,2023-10-31,4.0,41.0,2.0,1
CUST_00711,Kandy,2023-10-16,13.0,20.923076923076923,3.0,0
CUST_00712,Colombo Suburbs,2023-12-06,7.0,14.142857142857142,0.0,0
CUST_00713,Colombo Suburbs,2023-01-14,9.0,21.0,2.0,0
CUST_00714,Colombo Suburbs,2023-02-12,4.0,23.25,1.0,0
CUST_00715,Colombo 1-15,2023-11-26,4.0,30.75,3.0,1
CUST_00716,Galle,2023-08-08,5.0,26.2,2.0,1
CUST_00717,Gampaha,2023-03-11,2.0,13.0,0.0,0
CUST_00718,Galle,2023-08-25,12.0,19.666666666666668,3.0,1
CUST_00719,Colombo 1-15,2023-04-04,7.0,19.428571428571427,2.0,0
CUST_00720,Kandy,2023-01-26,2.0,30.5,1.0,0
CUST_00721,Galle,2023-05-14,5.0,35.0,3.0,1
CUST_00722,Colombo 1-15,2023-07-14,7.0,24.571428571428573,3.0,1
CUST_00723,Colombo 1-15,2023-06-17,7.0,31.714285714285715,4.0,1
CUST_00724,Kandy,2023-04-19,7.0,22.857142857142858,3.0,1
CUST_00725,Colombo Suburbs,2023-08-21,3.0,6.666666666666667,0.0,0
CUST_00726,Gampaha,2023-06-17,3.0,27.0,0.0,1
CUST_00727,Colombo 1-15,2023-06-22,6.0,26.166666666666668,1.0,1
CUST_00728,Kandy,2023-07-14,8.0,41.5,4.0,1
CUST_00729,Colombo 1-15,2023-05-23,9.0,24.555555555555557,4.0,1
CUST_00730,Colombo 1-15,2023-08-04,5.0,38.6,3.0,0
CUST_00731,Colombo 1-15,2023-05-10,7.0,34.0,2.0,1
CUST_00732,Gampaha,2023-02-11,7.0,34.285714285714285,3.0,0
CUST_00733,Colombo Suburbs,2023-08-29,2.0,60.0,2.0,1
CUST_00734,Colombo Suburbs,2023-01-10,7.0,19.571428571428573,0.0,0
CUST_00735,Colombo 1-15,2023-10-04,9.0,36.333333333333336,5.0,0
CUST_00736,Gampaha,2023-01-27,7.0,35.857142857142854,3.0,1
CUST_00737,Colombo 1-15,2023-06-29,7.0,21.714285714285715,3.0,0
CUST_00738,Gampaha,2023-04-25,3.0,17.333333333333332,1.0,0
CUST_00739,Colombo Suburbs,2023-11-29,8.0,20.25,1.0,0
CUST_00740,Colombo 1-15,2023-02-05,5.0,18.2,0.0,0
CUST_00741,Colombo Suburbs,2023-11-30,9.0,20.22222222222222,1.0,0
CUST_00742,Colombo 1-15,2023-01-21,6.0,23.333333333333332,2.0,1
CUST_00743,Kandy,2023-01-16,6.0,36.666666666666664,4.0,1
CUST_00744,Colombo Suburbs,2023-05-07,9.0,24.555555555555557,4.0,1
CUST_00745,Colombo 1-15,2023-04-13,6.0,31.833333333333332,3.0,1
CUST_00746,Gampaha,2023-01-11,6.0,18.833333333333332,1.0,0
CUST_00747,Colombo 1-15,2023-11-15,2.0,2.0,0.0,0
CUST_00748,Colombo Suburbs,2023-03-20,9.0,35.333333333333336,4.0,1
CUST_00749,Galle,2023-05-03,4.0,41.5,2.0,0
CUST_00750,Colombo Suburbs,2023-03-06,7.0,30.857142857142858,3.0,1
CUST_00751,Colombo 1-15,2023-08-31,7.0,41.42857142857143,4.0,1
CUST_00752,Galle,2023-12-09,10.0,26.4,2.0,1
CUST_00753,Colombo Suburbs,2023-02-28,9.0,16.555555555555557,1.0,0
CUST_00754,Colombo 1-15,2023-10-16,6.0,24.166666666666668,3.0,1
CUST_00755,Colombo 1-15,2023-04-22,10.0,30.3,3.0,1
CUST_00756,Kandy,2023-08-27,5.0,17.2,0.0,0
CUST_00757,Colombo Suburbs,2023-12-25,7.0,29.142857142857142,2.0,0
CUST_00758,Colombo Suburbs,2023-05-12,5.0,31.6,2.0,1
CUST_00759,Gampaha,2023-07-08,5.0,13.0,0.0,0
CUST_00760,Kandy,2023-03-27,7.0,28.857142857142858,2.0,1
CUST_00761,Colombo 1-15,2023-11-07,6.0,28.333333333333332,2.0,0
CUST_00762,Colombo 1-15,2023-11-07,4.0,14.25,0.0,0
CUST_00763,Colombo 1-15,2023-02-28,4.0,29.5,1.0,1
CUST_00764,Kandy,2023-03-25,6.0,33.0,2.0,1
CUST_00765,Colombo 1-15,2023-06-09,4.0,23.5,1.0,1
CUST_00766,Colombo Suburbs,2023-02-25,1.0,65.0,1.0,0
CUST_00767,Kandy,2023-10-24,6.0,33.833333333333336,2.0,1
CUST_00768,Gampaha,2023-01-14,4.0,33.5,3.0,1
CUST_00769,Colombo 1-15,2023-06-09,2.0,11.0,0.0,0
CUST_00770,Gampaha,2023-10-22,4.0,59.75,4.0,1
CUST_00771,Colombo 1-15,2023-12-13,4.0,28.75,1.0,0
CUST_00772,Gampaha,2023-07-12,5.0,36.8,2.0,1
CUST_00773,Colombo 1-15,2023-07-23,4.0,31.0,2.0,0
CUST_00774,Colombo 1-15,2023-04-12,5.0,39.8,2.0,1
CUST_00775,Kandy,2023-02-08,10.0,17.8,2.0,0
CUST_00776,Colombo 1-15,2023-10-31,5.0,16.4,0.0,0
CUST_00777,Colombo 1-15,2023-12-20,8.0,27.375,3.0,1
CUST_00778,Kandy,2023-11-18,8.0,34.125,4.0,1
CUST_00779,Kandy,2023-05-05,2.0,36.5,1.0,1
CUST_00780,Colombo Suburbs,2023-02-22,7.0,30.714285714285715,3.0,1
CUST_00781,Colombo Suburbs,2023-12-23,7.0,29.142857142857142,2.0,0
CUST_00782,Colombo Suburbs,2023-06-04,6.0,19.833333333333332,3.0,1
CUST_00783,Colombo 1-15,2023-12-17,8.0,29.375,3.0,1
CUST_00784,Colombo 1-15,2023-11-04,4.0,27.0,1.0,0
CUST_00785,Colombo 1-15,2023-03-03,5.0,27.4,1.0,1
CUST_00786,Galle,2023-10-17,7.0,20.857142857142858,1.0,0
CUST_00787,Colombo Suburbs,2023-01-22,7.0,17.0,1.0,1
CUST_00788,Colombo Suburbs,2023-06-27,6.0,20.833333333333332,1.0,0
CUST_00789,Colombo Suburbs,2023-09-30,6.0,13.833333333333334,1.0,0
CUST_00790,Galle,2023-08-08,6.0,22.0,1.0,0
CUST_00791,Colombo 1-15,2023-12-05,7.0,19.142857142857142,1.0,0
CUST_00792,Colombo Suburbs,2023-07-09,3.0,30.666666666666668,1.0,1
CUST_00793,Colombo Suburbs,2023-02-05,6.0,24.0,1.0,0
CUST_00794,Colombo Suburbs,2023-09-17,6.0,22.0,2.0,0
CUST_00795,Colombo 1-15,2023-11-28,5.0,32.8,2.0,1
CUST_00796,Gampaha,2023-06-24,6.0,35.833333333333336,3.0,1
CUST_00797,Galle,2023-01-07,6.0,26.5,1.0,1
CUST_00798,Colombo Suburbs,2023-08-04,6.0,16.166666666666668,0.0,0
CUST_00799,Colombo Suburbs,2023-09-08,3.0,7.333333333333333,0.0,0
CUST_00800,Galle,2023-02-24,4.0,20.75,1.0,1
CUST_00801,Kandy,2023-08-10,2.0,13.5,0.0,0
CUST_00802,Colombo 1-15,2023-07-05,5.0,31.0,2.0,0
CUST_00803,Colombo Suburbs,2023-11-22,7.0,47.57142857142857,5.0,1
CUST_00804,Colombo Suburbs,2023-08-24,8.0,29.0,4.0,1
CUST_00805,Colombo Suburbs,2023-12-29,8.0,19.375,1.0,1
CUST_00806,Kandy,2023-03-20,5.0,22.8,2.0,1
CUST_00807,Galle,2023-08-11,4.0,50.0,2.0,1
CUST_00808,Galle,2023-04-01,3.0,9.0,0.0,0
CUST_00809,Colombo Suburbs,2023-09-25,5.0,26.8,2.0,1
CUST_00810,Colombo 1-15,2023-11-30,6.0,33.166666666666664,2.0,1
CUST_00811,Galle,2023-05-19,5.0,27.8,2.0,1
CUST_00812,Gampaha,2023-11-12,3.0,26.333333333333332,1.0,0
CUST_00813,Colombo 1-15,2023-10-03,6.0,23.833333333333332,2.0,1
CUST_00814,Galle,2023-09-05,5.0,21.8,2.0,0
CUST_00815,Gampaha,2023-08-27,3.0,55.0,2.0,1
CUST_00816,Colombo Suburbs,2023-08-12,4.0,18.25,0.0,0
CUST_00817,Colombo Suburbs,2023-10-31,4.0,6.75,0.0,0
CUST_00818,Colombo 1-15,2023-05-18,7.0,20.571428571428573,2.0,0
CUST_00819,Colombo 1-15,2023-06-15,2.0,29.0,1.0,1
CUST_00820,Colombo 1-15,2023-05-06,4.0,22.75,0.0,0
CUST_00821,Gampaha,2023-02-14,4.0,15.25,0.0,0
CUST_00822,Colombo 1-15,2023-05-23,7.0,26.142857142857142,3.0,1
CUST_00823,Colombo 1-15,2023-08-19,6.0,21.333333333333332,1.0,1
CUST_00824,Colombo 1-15,2023-05-05,6.0,8.666666666666666,1.0,0
CUST_00825,Colombo Suburbs,2023-08-26,4.0,17.75,1.0,1
CUST_00826,Galle,2023-10-19,7.0,15.428571428571429,1.0,1
CUST_00827,Colombo 1-15,2023-11-09,4.0,19.75,2.0,0
CUST_00828,Colombo 1-15,2023-12-09,4.0,29.25,1.0,0
CUST_00829,Kandy,2023-07-14,8.0,21.625,2.0,0
CUST_00830,Colombo Suburbs,2023-06-22,7.0,30.0,4.0,0
CUST_00831,Colombo 1-15,2023-01-15,5.0,8.2,0.0,0
CUST_00832,Colombo Suburbs,2023-09-11,6.0,30.666666666666668,2.0,0
CUST_00833,Colombo 1-15,2023-06-16,8.0,34.875,4.0,1
CUST_00834,Colombo 1-15,2023-04-04,8.0,11.5,1.0,0
CUST_00835,Colombo Suburbs,2023-09-07,5.0,39.4,2.0,0
CUST_00836,Colombo Suburbs,2023-04-19,8.0,18.75,3.0,1
CUST_00837,Galle,2023-07-01,5.0,37.0,3.0,1
CUST_00838,Colombo 1-15,2023-05-13,3.0,1.0,0.0,0
CUST_00839,Colombo Suburbs,2023-06-24,7.0,35.714285714285715,4.0,1
CUST_00840,Colombo Suburbs,2023-05-24,6.0,17.666666666666668,1.0,0
CUST_00841,Colombo 1-15,2023-11-02,8.0,30.375,4.0,1
CUST_00842,Colombo Suburbs,2023-12-26,8.0,11.625,1.0,0
CUST_00843,Colombo 1-15,2023-05-22,8.0,23.5,3.0,1
CUST_00844,Galle,2023-10-12,3.0,20.666666666666668,0.0,0
CUST_00845,Colombo 1-15,2023-01-06,4.0,19.25,1.0,0
CUST_00846,Colombo Suburbs,2023-09-22,4.0,61.25,4.0,1
CUST_00847,Colombo 1-15,2023-04-08,7.0,18.285714285714285,1.0,0
CUST_00848,Galle,2023-02-13,4.0,37.25,3.0,1
CUST_00849,Colombo Suburbs,2023-05-04,6.0,37.5,3.0,1
CUST_00850,Colombo Suburbs,2023-07-28,2.0,11.5,0.0,0
CUST_00851,Colombo 1-15,2023-09-08,5.0,33.4,3.0,1
CUST_00852,Kandy,2023-10-12,3.0,11.0,0.0,0
CUST_00853,Colombo 1-15,2023-05-04,2.0,24.5,1.0,1
CUST_00854,Gampaha,2023-12-20,7.0,16.285714285714285,1.0,0
CUST_00855,Colombo 1-15,2023-09-01,11.0,27.727272727272727,5.0,1
CUST_00856,Colombo 1-15,2023-11-27,8.0,11.875,1.0,0
CUST_00857,Colombo 1-15,2023-12-31,6.0,43.166666666666664,5.0,1
CUST_00858,Colombo Suburbs,2023-09-09,7.0,32.714285714285715,3.0,1
CUST_00859,Colombo Suburbs,2023-08-18,5.0,37.8,3.0,1
CUST_00860,Colombo 1-15,2023-01-09,6.0,39.0,3.0,1
CUST_00861,Kandy,2023-02-17,8.0,25.75,2.0,0
CUST_00862,Colombo Suburbs,2023-05-31,6.0,12.666666666666666,0.0,0
CUST_00863,Colombo Suburbs,2023-04-24,8.0,19.25,0.0,0
CUST_00864,Colombo Suburbs,2023-07-27,4.0,43.5,2.0,1
CUST_00865,Colombo Suburbs,2023-12-21,5.0,26.6,1.0,0
CUST_00866,Colombo Suburbs,2023-05-05,4.0,6.25,0.0,0
CUST_00867,Colombo 1-15,2023-06-06,3.0,42.0,2.0,1
CUST_00868,Colombo 1-15,2023-12-06,6.0,11.5,1.0,1
CUST_00869,Gampaha,2023-10-25,4.0,34.0,2.0,1
CUST_00870,Galle,2023-07-08,9.0,33.333333333333336,5.0,1
CUST_00871,Colombo 1-15,2023-08-31,3.0,41.333333333333336,2.0,1
CUST_00872,Colombo 1-15,2023-10-11,2.0,57.0,1.0,1
CUST_00873,Colombo Suburbs,2023-09-29,3.0,22.333333333333332,2.0,0
CUST_00874,Colombo Suburbs,2023-06-26,6.0,35.0,2.0,1
CUST_00875,Colombo 1-15,2023-08-06,9.0,25.555555555555557,3.0,0
CUST_00876,Colombo 1-15,2023-10-09,16.0,22.0625,3.0,0
CUST_00877,Kandy,2023-06-19,5.0,41.0,2.0,1
CUST_00878,Colombo Suburbs,2023-06-30,6.0,26.0,3.0,1
CUST_00879,Colombo 1-15,2023-12-26,5.0,33.8,2.0,1
CUST_00880,Colombo 1-15,2023-08-21,6.0,14.166666666666666,1.0,0
CUST_00881,Colombo 1-15,2023-05-19,9.0,15.777777777777779,1.0,0
CUST_00882,Colombo Suburbs,2023-06-06,4.0,16.0,0.0,0
CUST_00883,Colombo 1-15,2023-05-09,3.0,13.666666666666666,0.0,0
CUST_00884,Colombo 1-15,2023-04-29,3.0,31.333333333333332,1.0,0
CUST_00885,Kandy,2023-03-03,5.0,42.0,2.0,1
CUST_00886,Colombo 1-15,2023-04-09,1.0,31.0,1.0,1
CUST_00887,Colombo Suburbs,2023-06-11,3.0,10.666666666666666,0.0,0
CUST_00888,Colombo 1-15,2023-03-03,5.0,58.8,4.0,1
CUST_00889,Colombo 1-15,2023-10-02,8.0,11.875,1.0,0
CUST_00890,Colombo 1-15,2023-12-20,7.0,23.0,1.0,1
CUST_00891,Kandy,2023-04-05,5.0,15.6,1.0,0
CUST_00892,Gampaha,2023-04-09,7.0,18.428571428571427,2.0,0
CUST_00893,Gampaha,2023-04-21,5.0,21.6,1.0,0
CUST_00894,Colombo 1-15,2023-09-05,2.0,16.0,0.0,0
CUST_00895,Colombo Suburbs,2023-05-22,7.0,39.857142857142854,4.0,1
CUST_00896,Colombo 1-15,2023-10-29,8.0,16.0,2.0,1
CUST_00897,Colombo 1-15,2023-09-26,3.0,37.333333333333336,2.0,1
CUST_00898,Gampaha,2023-11-02,5.0,40.0,3.0,1
CUST_00899,Colombo 1-15,2023-05-25,6.0,28.833333333333332,3.0,1
CUST_00900,Colombo 1-15,2023-02-21,9.0,11.88888888888889,0.0,0
CUST_00901,Colombo 1-15,2023-04-10,7.0,28.142857142857142,3.0,1
CUST_00902,Colombo 1-15,2023-06-01,5.0,25.4,2.0,1
CUST_00903,Colombo 1-15,2023-04-27,7.0,28.428571428571427,2.0,0
CUST_00904,Colombo Suburbs,2023-07-04,9.0,12.333333333333334,0.0,0
CUST_00905,Colombo Suburbs,2023-04-02,6.0,51.166666666666664,4.0,1
CUST_00906,Gampaha,2023-06-04,6.0,22.5,2.0,0
CUST_00907,Gampaha,2023-01-08,6.0,24.833333333333332,2.0,0
CUST_00908,Colombo 1-15,2023-12-29,9.0,21.444444444444443,2.0,0
CUST_00909,Colombo 1-15,2023-10-01,11.0,20.818181818181817,2.0,1
CUST_00910,Colombo 1-15,2023-03-06,2.0,22.0,0.0,0
CUST_00911,Colombo Suburbs,2023-05-21,3.0,31.666666666666668,2.0,1
CUST_00912,Colombo 1-15,2023-01-24,5.0,27.2,1.0,0
CUST_00913,Colombo Suburbs,2023-01-28,6.0,4.5,0.0,0
CUST_00914,Colombo Suburbs,2023-10-11,6.0,16.333333333333332,0.0,0
CUST_00915,Colombo Suburbs,2023-05-30,5.0,11.4,1.0,0
CUST_00916,Colombo Suburbs,2023-12-24,5.0,45.0,3.0,1
CUST_00917,Colombo 1-15,2023-03-06,10.0,26.8,2.0,0
CUST_00918,Galle,2023-11-23,9.0,34.22222222222222,5.0,1
CUST_00919,Kandy,2023-09-09,3.0,32.666666666666664,2.0,1
CUST_00920,Colombo 1-15,2023-02-22,6.0,56.5,6.0,1
CUST_00921,Gampaha,2023-01-07,10.0,23.5,2.0,1
CUST_00922,Colombo Suburbs,2023-10-21,9.0,17.77777777777778,2.0,0
CUST_00923,Gampaha,2023-05-26,6.0,26.5,3.0,1
CUST_00924,Kandy,2023-08-29,12.0,20.416666666666668,2.0,0
CUST_00925,Colombo Suburbs,2023-09-03,7.0,21.571428571428573,1.0,0
CUST_00926,Colombo 1-15,2023-08-14,4.0,36.25,2.0,1
CUST_00927,Colombo 1-15,2023-06-24,1.0,12.0,0.0,0
CUST_00928,Colombo Suburbs,2023-04-05,4.0,30.75,2.0,1
CUST_00929,Colombo Suburbs,2023-01-27,4.0,22.75,2.0,1
CUST_00930,Colombo 1-15,2023-05-10,5.0,38.4,2.0,1
CUST_00931,Colombo 1-15,2023-09-02,3.0,15.666666666666666,1.0,1
CUST_00932,Gampaha,2023-02-28,11.0,33.18181818181818,5.0,1
CUST_00933,Galle,2023-02-03,6.0,28.333333333333332,1.0,1
CUST_00934,Colombo Suburbs,2023-07-25,4.0,32.0,1.0,1
CUST_00935,Colombo 1-15,2023-09-09,5.0,39.6,3.0,1
CUST_00936,Colombo 1-15,2023-02-07,4.0,32.0,2.0,0
CUST_00937,Colombo 1-15,2023-10-23,5.0,26.8,2.0,0
CUST_00938,Galle,2023-11-19,1.0,12.0,0.0,0
CUST_00939,Colombo 1-15,2023-12-18,2.0,32.0,1.0,1
CUST_00940,Colombo Suburbs,2023-01-28,4.0,16.25,1.0,0
CUST_00941,Colombo 1-15,2023-03-19,6.0,10.333333333333334,1.0,0
CUST_00942,Colombo Suburbs,2023-03-18,5.0,24.0,1.0,0
CUST_00943,Colombo Suburbs,2023-10-16,7.0,26.857142857142858,3.0,0
CUST_00944,Gampaha,2023-06-05,4.0,20.75,0.0,0
CUST_00945,Colombo 1-15,2023-02-13,6.0,23.666666666666668,2.0,0
CUST_00946,Colombo 1-15,2023-05-08,6.0,26.333333333333332,2.0,1
CUST_00947,Colombo 1-15,2023-03-02,9.0,17.555555555555557,2.0,0
CUST_00948,Galle,2023-10-13,7.0,30.285714285714285,4.0,1
CUST_00949,Gampaha,2023-08-02,1.0,14.0,0.0,0
CUST_00950,Colombo Suburbs,2023-11-07,10.0,34.3,6.0,1
CUST_00951,Colombo Suburbs,2023-11-02,3.0,17.333333333333332,0.0,0
CUST_00952,Colombo Suburbs,2023-11-13,8.0,24.5,3.0,0
CUST_00953,Colombo 1-15,2023-04-26,3.0,17.666666666666668,0.0,1
CUST_00954,Galle,2023-09-25,5.0,21.6,0.0,0
CUST_00955,Colombo Suburbs,2023-07-14,3.0,57.666666666666664,3.0,1
CUST_00956,Colombo 1-15,2023-08-19,3.0,46.666666666666664,2.0,1
CUST_00957,Colombo Suburbs,2023-08-15,6.0,22.833333333333332,0.0,1
CUST_00958,Colombo 1-15,2023-06-02,6.0,36.333333333333336,4.0,1
CUST_00959,Colombo 1-15,2023-10-29,8.0,24.0,2.0,0
CUST_00960,Kandy,2023-08-08,7.0,27.285714285714285,2.0,0
CUST_00961,Colombo 1-15,2023-06-06,2.0,38.0,1.0,1
CUST_00962,Colombo Suburbs,2023-10-19,9.0,20.444444444444443,2.0,1
CUST_00963,Colombo 1-15,2023-11-14,6.0,43.666666666666664,3.0,1
CUST_00964,Colombo 1-15,2023-01-31,4.0,34.25,1.0,1
CUST_00965,Colombo 1-15,2023-11-09,6.0,20.166666666666668,2.0,1
CUST_00966,Colombo 1-15,2023-02-20,6.0,16.333333333333332,0.0,0
CUST_00967,Kandy,2023-04-17,7.0,17.285714285714285,1.0,0
CUST_00968,Colombo 1-15,2023-11-17,4.0,26.25,1.0,0
CUST_00969,Colombo Suburbs,2023-04-19,6.0,21.0,2.0,0
CUST_00970,Colombo Suburbs,2023-05-16,5.0,43.2,4.0,1
CUST_00971,Colombo Suburbs,2023-12-05,3.0,0.6666666666666666,0.0,0
CUST_00972,Galle,2023-02-11,9.0,33.666666666666664,3.0,1
CUST_00973,Kandy,2023-03-22,5.0,8.4,0.0,0
CUST_00974,Colombo 1-15,2023-05-03,4.0,22.0,1.0,0
CUST_00975,Colombo 1-15,2023-03-30,6.0,26.0,1.0,1
CUST_00976,Colombo 1-15,2023-10-10,4.0,26.25,0.0,0
CUST_00977,Colombo Suburbs,2023-02-08,5.0,15.6,0.0,0
CUST_00978,Colombo 1-15,2023-03-22,4.0,20.0,0.0,0
CUST_00979,Colombo Suburbs,2023-01-02,3.0,29.333333333333332,1.0,0
CUST_00980,Colombo Suburbs,2023-07-29,1.0,-3.0,0.0,0
CUST_00981,Colombo 1-15,2023-08-19,4.0,8.25,0.0,0
CUST_00982,Kandy,2023-12-19,5.0,24.6,2.0,0
CUST_00983,Colombo 1-15,2023-11-01,4.0,9.0,1.0,0
CUST_00984,Colombo 1-15,2023-08-29,5.0,28.8,2.0,0
CUST_00985,Kandy,2023-05-30,3.0,4.333333333333333,0.0,0
CUST_00986,Colombo Suburbs,2023-01-17,6.0,35.5,4.0,1
CUST_00987,Colombo Suburbs,2023-04-29,7.0,20.0,2.0,1
CUST_00988,Colombo Suburbs,2023-05-28,6.0,17.333333333333332,2.0,0
CUST_00989,Colombo 1-15,2023-12-28,4.0,41.25,2.0,1
CUST_00990,Gampaha,2023-05-25,4.0,22.0,2.0,0
CUST_00991,Kandy,2023-12-26,5.0,32.4,3.0,1
CUST_00992,Colombo Suburbs,2023-08-21,4.0,28.0,2.0,1
CUST_00993,Colombo 1-15,2023-02-06,5.0,42.0,3.0,1
CUST_00994,Colombo Suburbs,2023-12-18,10.0,21.9,2.0,1
CUST_00995,Colombo 1-15,2023-04-30,4.0,1.25,0.0,0
CUST_00996,Colombo 1-15,2023-05-16,4.0,23.5,2.0,1
CUST_00997,Galle,2023-11-17,3.0,31.333333333333332,2.0,1
CUST_00998,Colombo 1-15,2023-10-29,5.0,27.0,1.0,0
CUST_00999,Galle,2023-12-05,10.0,28.2,4.0,1
CUST_01000,Colombo Suburbs,2023-04-12,8.0,20.625,2.0,1
CUST_01001,Colombo 1-15,2023-08-06,4.0,43.5,4.0,1
CUST_01002,Colombo Suburbs,2023-02-28,3.0,13.333333333333334,0.0,0
CUST_01003,Gampaha,2023-10-06,4.0,29.25,2.0,1
CUST_01004,Kandy,2023-04-26,6.0,37.0,3.0,1
CUST_01005,Gampaha,2023-11-28,6.0,19.666666666666668,2.0,0
CUST_01006,Colombo Suburbs,2023-03-18,9.0,28.555555555555557,3.0,0
CUST_01007,Colombo Suburbs,2023-05-17,3.0,25.333333333333332,1.0,1
CUST_01008,Gampaha,2023-03-14,5.0,20.8,1.0,0
CUST_01009,Colombo 1-15,2023-02-06,10.0,30.6,5.0,1
CUST_01010,Colombo Suburbs,2023-01-31,1.0,23.0,0.0,0
CUST_01011,Colombo 1-15,2023-03-26,1.0,15.0,0.0,1
CUST_01012,Galle,2023-06-07,1.0,37.0,1.0,1
CUST_01013,Galle,2023-11-01,1.0,5.0,0.0,0
CUST_01014,Colombo 1-15,2023-10-19,8.0,25.25,2.0,0
CUST_01015,Kandy,2023-05-28,3.0,12.666666666666666,0.0,0
CUST_01016,Galle,2023-08-13,6.0,27.833333333333332,2.0,1
CUST_01017,Colombo 1-15,2023-03-05,6.0,31.666666666666668,3.0,1
CUST_01018,Colombo Suburbs,2023-08-28,2.0,12.0,0.0,0
CUST_01019,Galle,2023-12-19,5.0,25.0,2.0,0
CUST_01020,Colombo 1-15,2023-06-05,8.0,30.625,4.0,1
CUST_01021,Colombo Suburbs,2023-12-25,4.0,31.0,2.0,1
CUST_01022,Colombo 1-15,2023-07-26,7.0,39.285714285714285,4.0,1
CUST_01023,Galle,2023-05-20,6.0,18.333333333333332,0.0,0
CUST_01024,Galle,2023-09-14,8.0,39.5,5.0,1
CUST_01025,Galle,2023-10-04,4.0,37.25,2.0,1
CUST_01026,Colombo Suburbs,2023-09-10,8.0,27.375,3.0,1
CUST_01027,Gampaha,2023-08-13,4.0,43.5,2.0,1
CUST_01028,Gampaha,2023-02-11,5.0,46.8,3.0,1
CUST_01029,Colombo 1-15,2023-11-03,6.0,20.0,1.0,0
CUST_01030,Gampaha,2023-01-21,7.0,9.714285714285714,1.0,0
CUST_01031,Colombo 1-15,2023-08-10,5.0,19.6,2.0,1
CUST_01032,Colombo Suburbs,2023-06-15,6.0,19.833333333333332,1.0,0
CUST_01033,Colombo 1-15,2023-11-06,6.0,25.0,2.0,0
CUST_01034,Colombo 1-15,2023-05-09,5.0,14.8,0.0,0
CUST_01035,Colombo 1-15,2023-01-14,9.0,23.333333333333332,4.0,1
CUST_01036,Colombo Suburbs,2023-02-16,4.0,39.0,2.0,1
CUST_01037,Colombo 1-15,2023-04-28,4.0,25.5,1.0,0
CUST_01038,Kandy,2023-12-12,10.0,19.4,3.0,1
CUST_01039,Colombo 1-15,2023-10-22,4.0,23.25,0.0,1
CUST_01040,Colombo 1-15,2023-10-28,2.0,24.0,0.0,0
CUST_01041,Colombo Suburbs,2023-01-11,4.0,67.0,4.0,1
CUST_01042,Kandy,2023-12-11,3.0,12.333333333333334,0.0,0
CUST_01043,Colombo 1-15,2023-05-18,6.0,32.333333333333336,2.0,1
CUST_01044,Colombo Suburbs,2023-10-23,6.0,11.833333333333334,0.0,0
CUST_01045,Gampaha,2023-01-21,7.0,23.0,1.0,0
CUST_01046,Colombo Suburbs,2023-03-31,3.0,35.666666666666664,1.0,1
CUST_01047,Colombo 1-15,2023-08-29,4.0,37.0,2.0,1
CUST_01048,Colombo 1-15,2023-09-23,7.0,28.714285714285715,2.0,0
CUST_01049,Gampaha,2023-11-30,2.0,29.5,1.0,1
CUST_01050,Colombo 1-15,2023-08-15,6.0,25.833333333333332,2.0,1
CUST_01051,Gampaha,2023-05-23,5.0,33.0,2.0,0
CUST_01052,Colombo Suburbs,2023-04-03,6.0,16.5,0.0,0
CUST_01053,Galle,2023-10-27,3.0,57.0,2.0,1
CUST_01054,Kandy,2023-08-12,3.0,24.666666666666668,1.0,1
CUST_01055,Galle,2023-11-22,1.0,-2.0,0.0,0
CUST_01056,Colombo 1-15,2023-09-09,3.0,45.666666666666664,2.0,1
CUST_01057,Kandy,2023-02-16,5.0,49.0,3.0,1
CUST_01058,Colombo Suburbs,2023-08-29,4.0,29.5,1.0,1
CUST_01059,Colombo Suburbs,2023-06-28,3.0,15.0,0.0,0
CUST_01060,Colombo Suburbs,2023-07-29,3.0,15.0,1.0,1
CUST_01061,Gampaha,2023-06-20,4.0,12.0,0.0,0
CUST_01062,Galle,2023-06-14,8.0,39.625,3.0,1
CUST_01063,Kandy,2023-12-10,8.0,15.375,2.0,0
CUST_01064,Colombo Suburbs,2023-02-23,8.0,18.375,1.0,0
CUST_01065,Colombo Suburbs,2023-03-24,7.0,21.428571428571427,2.0,0
CUST_01066,Kandy,2023-06-18,3.0,25.333333333333332,1.0,0
CUST_01067,Colombo 1-15,2023-07-30,4.0,33.75,3.0,1
CUST_01068,Colombo 1-15,2023-12-22,5.0,27.2,2.0,1
CUST_01069,Colombo 1-15,2023-09-11,4.0,24.0,2.0,1
CUST_01070,Colombo 1-15,2023-05-28,4.0,45.25,2.0,1
CUST_01071,Colombo 1-15,2023-12-06,5.0,32.2,2.0,1
CUST_01072,Colombo 1-15,2023-07-25,5.0,13.0,0.0,0
CUST_01073,Colombo 1-15,2023-10-09,3.0,7.666666666666667,0.0,0
CUST_01074,Colombo 1-15,2023-01-19,3.0,14.0,1.0,0
CUST_01075,Galle,2023-08-21,4.0,29.25,3.0,1
CUST_01076,Colombo Suburbs,2023-02-15,3.0,16.666666666666668,1.0,0
CUST_01077,Colombo 1-15,2023-06-11,3.0,28.0,2.0,0
CUST_01078,Colombo Suburbs,2023-05-10,6.0,13.333333333333334,0.0,0
CUST_01079,Colombo 1-15,2023-06-15,6.0,5.833333333333333,0.0,0
CUST_01080,Galle,2023-03-01,2.0,21.5,1.0,1
CUST_01081,Kandy,2023-07-26,2.0,31.0,1.0,1
CUST_01082,Colombo 1-15,2023-09-21,5.0,37.6,3.0,1
CUST_01083,Colombo Suburbs,2023-01-01,8.0,12.875,0.0,0
CUST_01084,Gampaha,2023-12-03,3.0,43.666666666666664,2.0,1
CUST_01085,Galle,2023-10-05,5.0,16.8,0.0,0
CUST_01086,Colombo Suburbs,2023-08-25,3.0,24.0,1.0,0
CUST_01087,Colombo Suburbs,2023-07-31,2.0,16.0,1.0,0
CUST_01088,Colombo 1-15,2023-01-28,3.0,46.333333333333336,2.0,1
CUST_01089,Galle,2023-04-07,6.0,28.666666666666668,2.0,1
CUST_01090,Colombo 1-15,2023-09-23,5.0,37.6,3.0,1
CUST_01091,Galle,2023-07-05,7.0,16.857142857142858,2.0,0
CUST_01092,Colombo Suburbs,2023-11-15,6.0,43.666666666666664,4.0,1
CUST_01093,Colombo Suburbs,2023-09-13,3.0,36.0,2.0,1
CUST_01094,Colombo Suburbs,2023-11-17,5.0,20.0,2.0,0
CUST_01095,Colombo 1-15,2023-08-15,5.0,31.8,1.0,1
CUST_01096,Colombo 1-15,2023-01-27,3.0,46.333333333333336,2.0,0
CUST_01097,Colombo 1-15,2023-04-15,4.0,25.0,1.0,1
CUST_01098,Colombo 1-15,2023-05-17,5.0,14.4,1.0,0
CUST_01099,Kandy,2023-10-09,2.0,21.0,0.0,0
CUST_01100,Colombo 1-15,2023-03-09,8.0,21.375,2.0,0
CUST_01101,Colombo 1-15,2023-05-28,5.0,15.0,1.0,1
CUST_01102,Galle,2023-08-13,7.0,26.142857142857142,2.0,1
CUST_01103,Gampaha,2023-12-24,2.0,23.0,1.0,0
CUST_01104,Galle,2023-09-06,2.0,9.5,0.0,0
CUST_01105,Galle,2023-03-04,3.0,14.666666666666666,0.0,0
CUST_01106,Colombo 1-15,2023-01-15,6.0,18.0,1.0,0
CUST_01107,Colombo 1-15,2023-11-19,5.0,45.8,3.0,1
CUST_01108,Kandy,2023-11-08,8.0,32.375,3.0,1
CUST_01109,Colombo Suburbs,2023-05-03,2.0,31.5,1.0,1
CUST_01110,Colombo 1-15,2023-12-30,3.0,20.333333333333332,1.0,0
CUST_01111,Gampaha,2023-03-23,4.0,26.5,1.0,0
CUST_01112,Colombo 1-15,2023-06-09,1.0,-2.0,0.0,0
CUST_01113,Colombo 1-15,2023-10-10,4.0,26.0,1.0,0
CUST_01114,Colombo Suburbs,2023-01-08,7.0,19.285714285714285,1.0,1
CUST_01115,Colombo Suburbs,2023-10-10,5.0,36.0,2.0,1
CUST_01116,Colombo Suburbs,2023-07-28,4.0,23.25,1.0,1
CUST_01117,Colombo 1-15,2023-02-17,2.0,3.5,0.0,0
CUST_01118,Gampaha,2023-04-26,6.0,22.666666666666668,1.0,1
CUST_01119,Colombo 1-15,2023-02-28,6.0,16.5,1.0,0
CUST_01120,Colombo 1-15,2023-08-25,6.0,17.333333333333332,1.0,0
CUST_01121,Gampaha,2023-03-02,6.0,22.333333333333332,2.0,0
CUST_01122,Galle,2023-11-28,4.0,30.5,2.0,1
CUST_01123,Gampaha,2023-03-20,5.0,17.8,1.0,1
CUST_01124,Gampaha,2023-09-13,3.0,41.333333333333336,1.0,1
CUST_01125,Colombo Suburbs,2023-05-30,8.0,24.0,1.0,1
CUST_01126,Colombo Suburbs,2023-09-18,3.0,37.333333333333336,2.0,0
CUST_01127,Colombo 1-15,2023-12-28,5.0,15.2,1.0,0
CUST_01128,Colombo Suburbs,2023-05-20,6.0,29.5,2.0,0
CUST_01129,Colombo 1-15,2023-08-01,4.0,35.0,2.0,1
CUST_01130,Colombo 1-15,2023-09-05,7.0,25.285714285714285,3.0,0
CUST_01131,Kandy,2023-08-30,3.0,54.666666666666664,3.0,1
CUST_01132,Colombo Suburbs,2023-05-05,5.0,41.6,3.0,1
CUST_01133,Colombo 1-15,2023-08-22,2.0,21.0,0.0,1
CUST_01134,Colombo 1-15,2023-10-10,3.0,18.0,0.0,0
CUST_01135,Colombo Suburbs,2023-03-16,10.0,25.5,3.0,1
CUST_01136,Colombo 1-15,2023-07-16,3.0,33.333333333333336,2.0,1
CUST_01137,Gampaha,2023-04-08,3.0,8.0,0.0,0
CUST_01138,Colombo Suburbs,2023-11-03,4.0,21.25,1.0,0
CUST_01139,Colombo Suburbs,2023-09-18,5.0,28.6,2.0,0
CUST_01140,Colombo Suburbs,2023-03-11,9.0,38.333333333333336,4.0,1
CUST_01141,Gampaha,2023-02-05,5.0,21.0,0.0,0
CUST_01142,Colombo 1-15,2023-05-22,3.0,23.333333333333332,1.0,0
CUST_01143,Colombo Suburbs,2023-08-01,1.0,16.0,0.0,0
CUST_01144,Colombo Suburbs,2023-06-24,9.0,17.333333333333332,2.0,0
CUST_01145,Colombo 1-15,2023-09-17,11.0,33.72727272727273,5.0,1
CUST_01146,Gampaha,2023-05-17,5.0,15.8,0.0,0
CUST_01147,Kandy,2023-01-02,7.0,26.714285714285715,2.0,1
CUST_01148,Colombo Suburbs,2023-05-25,6.0,26.5,2.0,1
CUST_01149,Gampaha,2023-06-02,5.0,8.0,1.0,0
CUST_01150,Gampaha,2023-10-28,5.0,14.2,0.0,0
CUST_01151,Kandy,2023-10-24,6.0,31.0,3.0,1
CUST_01152,Gampaha,2023-12-04,6.0,35.333333333333336,2.0,1
CUST_01153,Colombo Suburbs,2023-09-08,2.0,45.5,1.0,1
CUST_01154,Colombo Suburbs,2023-03-18,5.0,0.2,0.0,0
CUST_01155,Colombo Suburbs,2023-08-17,5.0,26.4,2.0,1
CUST_01156,Kandy,2023-10-03,3.0,24.333333333333332,1.0,1
CUST_01157,Colombo 1-15,2023-09-05,6.0,13.666666666666666,1.0,0
CUST_01158,Gampaha,2023-06-26,9.0,29.11111111111111,3.0,0
CUST_01159,Gampaha,2023-06-20,2.0,15.5,0.0,0
CUST_01160,Colombo 1-15,2023-10-10,4.0,11.75,1.0,0
CUST_01161,Gampaha,2023-10-06,9.0,33.666666666666664,4.0,1
CUST_01162,Colombo 1-15,2023-07-13,10.0,33.9,5.0,1
CUST_01163,Colombo 1-15,2023-08-22,5.0,10.4,1.0,0
CUST_01164,Kandy,2023-06-14,4.0,37.75,3.0,1
CUST_01165,Colombo 1-15,2023-04-07,6.0,38.5,2.0,1
CUST_01166,Gampaha,2023-12-24,7.0,26.428571428571427,2.0,0
CUST_01167,Gampaha,2023-05-03,3.0,47.0,2.0,1
CUST_01168,Colombo Suburbs,2023-10-20,5.0,12.6,0.0,0
CUST_01169,Colombo 1-15,2023-07-16,8.0,22.875,1.0,0
CUST_01170,Colombo 1-15,2023-04-30,2.0,46.0,1.0,1
CUST_01171,Colombo Suburbs,2023-07-30,8.0,29.125,3.0,0
CUST_01172,Galle,2023-01-23,3.0,11.333333333333334,0.0,0
CUST_01173,Colombo Suburbs,2023-06-12,4.0,17.5,1.0,0
CUST_01174,Colombo 1-15,2023-08-31,9.0,7.444444444444445,0.0,0
CUST_01175,Colombo Suburbs,2023-12-28,5.0,38.4,2.0,0
CUST_01176,Colombo Suburbs,2023-07-15,4.0,15.0,0.0,0
CUST_01177,Kandy,2023-07-17,3.0,9.0,0.0,0
CUST_01178,Colombo 1-15,2023-12-06,2.0,32.5,1.0,1
CUST_01179,Kandy,2023-11-30,3.0,33.666666666666664,2.0,1
CUST_01180,Colombo Suburbs,2023-03-19,3.0,29.0,1.0,1
CUST_01181,Galle,2023-09-11,6.0,17.666666666666668,2.0,1
CUST_01182,Colombo 1-15,2023-01-19,4.0,47.0,3.0,1
CUST_01183,Colombo Suburbs,2023-03-06,6.0,29.666666666666668,3.0,1
CUST_01184,Galle,2023-09-15,5.0,19.2,1.0,0
CUST_01185,Colombo 1-15,2023-10-30,3.0,32.333333333333336,1.0,0
CUST_01186,Galle,2023-06-19,5.0,14.8,1.0,0
CUST_01187,Colombo Suburbs,2023-02-21,3.0,39.666666666666664,1.0,0
CUST_01188,Colombo 1-15,2023-08-14,2.0,12.5,0.0,0
CUST_01189,Colombo 1-15,2023-02-21,3.0,30.666666666666668,1.0,1
CUST_01190,Kandy,2023-09-27,7.0,31.857142857142858,3.0,1
CUST_01191,Colombo 1-15,2023-08-22,5.0,36.4,2.0,1
CUST_01192,Colombo Suburbs,2023-01-08,6.0,23.5,2.0,0
CUST_01193,Colombo 1-15,2023-03-15,5.0,54.4,4.0,1
CUST_01194,Colombo Suburbs,2023-07-29,4.0,34.0,1.0,1
CUST_01195,Colombo 1-15,2023-12-02,5.0,27.6,1.0,0
CUST_01196,Gampaha,2023-03-21,5.0,23.0,2.0,1
CUST_01197,Galle,2023-02-08,3.0,21.333333333333332,1.0,0
CUST_01198,Galle,2023-08-29,6.0,25.666666666666668,1.0,1
CUST_01199,Kandy,2023-05-16,5.0,16.0,1.0,1
CUST_01200,Colombo 1-15,2023-06-23,6.0,40.0,3.0,1
CUST_01201,Kandy,2023-11-16,4.0,36.0,2.0,1
CUST_01202,Colombo 1-15,2023-12-21,7.0,12.857142857142858,1.0,1
CUST_01203,Colombo 1-15,2023-07-23,3.0,33.666666666666664,1.0,0
CUST_01204,Colombo 1-15,2023-11-29,5.0,46.2,4.0,1
CUST_01205,Colombo Suburbs,2023-02-11,4.0,18.5,1.0,1
CUST_01206,Kandy,2023-06-18,3.0,51.666666666666664,2.0,1
CUST_01207,Colombo Suburbs,2023-12-12,6.0,15.333333333333334,0.0,0
CUST_01208,Colombo Suburbs,2023-10-01,4.0,30.25,2.0,0
CUST_01209,Colombo 1-15,2023-07-14,1.0,60.0,1.0,1
CUST_01210,Galle,2023-06-12,6.0,31.5,2.0,1
CUST_01211,Colombo Suburbs,2023-11-17,3.0,42.666666666666664,2.0,1
CUST_01212,Colombo Suburbs,2023-09-07,10.0,22.4,5.0,1
CUST_01213,Colombo 1-15,2023-10-05,2.0,12.5,0.0,0
CUST_01214,Kandy,2023-01-19,5.0,37.4,1.0,0
CUST_01215,Colombo Suburbs,2023-11-13,4.0,10.5,0.0,0
CUST_01216,Colombo 1-15,2023-02-05,3.0,43.0,2.0,1
CUST_01217,Colombo 1-15,2023-05-01,5.0,31.0,2.0,0
CUST_01218,Colombo Suburbs,2023-11-20,4.0,16.5,0.0,0
CUST_01219,Colombo Suburbs,2023-12-17,7.0,24.714285714285715,3.0,0
CUST_01220,Colombo 1-15,2023-05-28,3.0,20.333333333333332,0.0,0
CUST_01221,Galle,2023-04-27,6.0,31.0,1.0,1
CUST_01222,Colombo 1-15,2023-02-16,4.0,25.0,1.0,0
CUST_01223,Colombo Suburbs,2023-08-11,4.0,25.0,1.0,0
CUST_01224,Galle,2023-02-20,4.0,28.25,1.0,1
CUST_01225,Colombo Suburbs,2023-11-21,4.0,14.5,0.0,0
CUST_01226,Colombo Suburbs,2023-12-27,5.0,12.4,0.0,0
CUST_01227,Colombo 1-15,2023-02-21,6.0,18.833333333333332,2.0,1
CUST_01228,Colombo 1-15,2023-08-16,6.0,23.0,1.0,0
CUST_01229,Galle,2023-03-27,7.0,23.714285714285715,3.0,1
CUST_01230,Colombo Suburbs,2023-12-22,3.0,25.666666666666668,1.0,1
CUST_01231,Gampaha,2023-06-03,2.0,14.0,1.0,0
CUST_01232,Colombo 1-15,2023-01-15,3.0,28.333333333333332,1.0,1
CUST_01233,Colombo 1-15,2023-01-24,6.0,40.166666666666664,3.0,1
CUST_01234,Colombo 1-15,2023-06-16,3.0,18.666666666666668,0.0,1
CUST_01235,Colombo Suburbs,2023-01-29,3.0,30.333333333333332,1.0,1
CUST_01236,Colombo 1-15,2023-05-31,5.0,15.4,0.0,0
CUST_01237,Gampaha,2023-07-03,2.0,52.5,1.0,1
CUST_01238,Colombo Suburbs,2023-07-11,4.0,37.25,3.0,1
CUST_01239,Galle,2023-08-09,5.0,22.8,1.0,0
CUST_01240,Colombo 1-15,2023-03-16,5.0,43.8,4.0,1
CUST_01241,Gampaha,2023-05-06,1.0,-1.0,0.0,0
CUST_01242,Kandy,2023-09-29,3.0,48.333333333333336,2.0,1
CUST_01243,Kandy,2023-07-30,2.0,32.0,1.0,1
CUST_01244,Gampaha,2023-10-17,3.0,40.333333333333336,1.0,1
CUST_01245,Kandy,2023-12-16,9.0,27.666666666666668,3.0,1
CUST_01246,Colombo Suburbs,2023-04-03,7.0,27.428571428571427,2.0,1
CUST_01247,Colombo 1-15,2023-03-29,3.0,41.0,3.0,1
CUST_01248,Colombo 1-15,2023-03-31,11.0,34.90909090909091,6.0,1
CUST_01249,Galle,2023-02-10,3.0,36.666666666666664,1.0,1
CUST_01250,Colombo Suburbs,2023-11-09,5.0,13.8,1.0,0
CUST_01251,Kandy,2023-07-15,1.0,-5.0,0.0,0
CUST_01252,Colombo Suburbs,2023-11-14,4.0,36.5,2.0,1
CUST_01253,Colombo 1-15,2023-12-16,5.0,14.4,0.0,0
CUST_01254,Colombo 1-15,2023-05-04,5.0,25.0,1.0,1
CUST_01255,Colombo Suburbs,2023-09-12,5.0,38.4,2.0,1
CUST_01256,Colombo Suburbs,2023-10-26,7.0,21.142857142857142,2.0,0
CUST_01257,Colombo 1-15,2023-03-15,6.0,34.0,4.0,1
CUST_01258,Colombo Suburbs,2023-04-29,4.0,24.25,1.0,0
CUST_01259,Colombo 1-15,2023-08-25,3.0,18.0,0.0,0
CUST_01260,Colombo Suburbs,2023-11-23,4.0,15.0,1.0,0
CUST_01261,Colombo 1-15,2023-05-11,6.0,9.333333333333334,0.0,0
CUST_01262,Kandy,2023-08-24,4.0,16.5,0.0,0
CUST_01263,Colombo 1-15,2023-05-11,4.0,9.5,0.0,0
CUST_01264,Colombo Suburbs,2023-12-08,4.0,45.5,2.0,1
CUST_01265,Colombo 1-15,2023-01-05,2.0,49.0,2.0,1
CUST_01266,Colombo 1-15,2023-08-27,6.0,25.833333333333332,2.0,0
CUST_01267,Colombo 1-15,2023-05-28,3.0,30.333333333333332,1.0,0
CUST_01268,Colombo Suburbs,2023-12-13,5.0,25.6,1.0,1
CUST_01269,Colombo Suburbs,2023-10-07,4.0,16.25,1.0,0
CUST_01270,Colombo 1-15,2023-03-22,3.0,45.333333333333336,2.0,1
CUST_01271,Colombo Suburbs,2023-02-07,2.0,25.5,1.0,0
CUST_01272,Gampaha,2023-08-15,5.0,16.4,1.0,0
CUST_01273,Kandy,2023-06-26,7.0,18.571428571428573,1.0,0
CUST_01274,Colombo 1-15,2023-10-28,5.0,24.4,1.0,0
CUST_01275,Colombo Suburbs,2023-06-03,5.0,39.6,3.0,1
CUST_01276,Colombo 1-15,2023-11-24,6.0,8.666666666666666,1.0,1
CUST_01277,Colombo 1-15,2023-08-06,4.0,44.0,3.0,1
CUST_01278,Galle,2023-12-20,1.0,34.0,1.0,1
CUST_01279,Colombo 1-15,2023-05-09,4.0,9.0,0.0,0
CUST_01280,Colombo Suburbs,2023-08-22,6.0,28.166666666666668,3.0,1
CUST_01281,Colombo Suburbs,2023-06-04,2.0,13.5,0.0,0
CUST_01282,Kandy,2023-04-12,3.0,6.0,0.0,0
CUST_01283,Colombo Suburbs,2023-07-16,2.0,79.5,2.0,1
CUST_01284,Colombo 1-15,2023-09-05,7.0,47.42857142857143,3.0,1
CUST_01285,Colombo 1-15,2023-02-24,1.0,14.0,0.0,0
CUST_01286,Colombo Suburbs,2023-05-02,6.0,28.5,2.0,1
CUST_01287,Colombo 1-15,2023-07-15,3.0,21.0,1.0,0
CUST_01288,Colombo 1-15,2023-10-20,8.0,42.5,5.0,1
CUST_01289,Colombo 1-15,2023-07-03,5.0,39.2,2.0,1
CUST_01290,Colombo 1-15,2023-10-22,8.0,26.125,1.0,1
CUST_01291,Colombo 1-15,2023-06-01,5.0,40.4,3.0,1
CUST_01292,Colombo 1-15,2023-12-25,6.0,30.0,2.0,1
CUST_01293,Colombo Suburbs,2023-06-01,4.0,27.25,2.0,0
CUST_01294,Colombo Suburbs,2023-01-12,8.0,12.5,0.0,0
CUST_01295,Gampaha,2023-12-04,2.0,9.5,0.0,0
CUST_01296,Colombo 1-15,2023-07-22,8.0,32.625,2.0,1
CUST_01297,Colombo 1-15,2023-05-21,3.0,23.666666666666668,1.0,1
CUST_01298,Colombo 1-15,2023-01-05,7.0,23.571428571428573,2.0,1
CUST_01299,Colombo Suburbs,2023-10-17,9.0,31.0,4.0,1
CUST_01300,Kandy,2023-12-18,3.0,17.333333333333332,0.0,0
CUST_01301,Colombo 1-15,2023-01-26,4.0,33.5,2.0,0
CUST_01302,Galle,2023-11-07,1.0,11.0,0.0,0
CUST_01303,Colombo 1-15,2023-09-12,6.0,24.166666666666668,2.0,1
CUST_01304,Colombo Suburbs,2023-05-27,5.0,33.6,2.0,1
CUST_01305,Kandy,2023-04-28,3.0,27.0,1.0,0
CUST_01306,Gampaha,2023-11-07,6.0,37.666666666666664,3.0,1
CUST_01307,Kandy,2023-06-30,5.0,34.2,2.0,1
CUST_01308,Gampaha,2023-04-23,4.0,52.75,3.0,1
CUST_01309,Colombo 1-15,2023-11-22,6.0,20.166666666666668,2.0,1
CUST_01310,Gampaha,2023-04-08,3.0,20.0,0.0,1
CUST_01311,Colombo 1-15,2023-11-14,4.0,20.75,0.0,0
CUST_01312,Gampaha,2023-05-09,6.0,19.5,1.0,0
CUST_01313,Colombo Suburbs,2023-12-14,7.0,23.714285714285715,3.0,1
CUST_01314,Gampaha,2023-12-04,5.0,17.6,1.0,0
CUST_01315,Colombo Suburbs,2023-12-15,6.0,11.5,1.0,0
CUST_01316,Colombo Suburbs,2023-03-12,6.0,36.5,3.0,1
CUST_01317,Colombo Suburbs,2023-11-18,4.0,29.75,1.0,0
CUST_01318,Kandy,2023-02-19,6.0,28.0,3.0,0
CUST_01319,Colombo 1-15,2023-11-18,2.0,20.5,0.0,1
CUST_01320,Colombo 1-15,2023-11-27,5.0,24.6,2.0,1
CUST_01321,Colombo 1-15,2023-01-21,3.0,46.333333333333336,3.0,1
CUST_01322,Colombo 1-15,2023-06-08,8.0,29.625,3.0,1
CUST_01323,Gampaha,2023-08-14,2.0,45.5,1.0,1
CUST_01324,Colombo 1-15,2023-01-18,5.0,27.8,1.0,1
CUST_01325,Galle,2023-10-24,6.0,30.833333333333332,3.0,1
CUST_01326,Colombo 1-15,2023-07-06,6.0,20.333333333333332,1.0,0
CUST_01327,Colombo 1-15,2023-03-09,3.0,30.0,1.0,1
CUST_01328,Kandy,2023-02-16,5.0,26.6,2.0,0
CUST_01329,Colombo Suburbs,2023-06-01,2.0,21.0,0.0,0
CUST_01330,Colombo Suburbs,2023-06-17,2.0,27.0,1.0,1
CUST_01331,Colombo Suburbs,2023-08-01,3.0,4.0,0.0,0
CUST_01332,Kandy,2023-03-31,3.0,41.0,1.0,1
CUST_01333,Colombo 1-15,2023-04-13,1.0,8.0,0.0,0
CUST_01334,Galle,2023-03-09,6.0,38.166666666666664,4.0,1
CUST_01335,Galle,2023-10-04,7.0,36.42857142857143,3.0,1
CUST_01336,Colombo Suburbs,2023-07-07,7.0,23.0,2.0,1
CUST_01337,Colombo 1-15,2023-09-29,3.0,24.333333333333332,1.0,0
CUST_01338,Colombo Suburbs,2023-09-14,6.0,18.833333333333332,1.0,0
CUST_01339,Colombo 1-15,2023-05-20,3.0,35.333333333333336,2.0,1
CUST_01340,Colombo 1-15,2023-03-26,2.0,33.0,1.0,1
CUST_01341,Colombo 1-15,2023-05-12,3.0,19.666666666666668,0.0,0
CUST_01342,Colombo Suburbs,2023-09-04,8.0,35.25,4.0,1
CUST_01343,Gampaha,2023-06-01,5.0,30.6,2.0,0
CUST_01344,Kandy,2023-06-23,2.0,11.5,0.0,0
CUST_01345,Kandy,2023-02-28,4.0,28.25,1.0,0
CUST_01346,Colombo Suburbs,2023-08-28,5.0,33.8,2.0,0
CUST_01347,Colombo 1-15,2023-02-08,9.0,18.444444444444443,3.0,1
CUST_01348,Colombo 1-15,2023-03-14,6.0,13.0,0.0,0
CUST_01349,Galle,2023-04-26,5.0,34.2,3.0,1
CUST_01350,Colombo 1-15,2023-12-13,3.0,19.0,1.0,0
CUST_01351,Gampaha,2023-12-12,3.0,48.666666666666664,3.0,1
CUST_01352,Colombo Suburbs,2023-07-23,5.0,19.8,2.0,0
CUST_01353,Colombo Suburbs,2023-10-13,9.0,26.88888888888889,4.0,0
CUST_01354,Kandy,2023-07-07,4.0,21.0,1.0,1
CUST_01355,Colombo Suburbs,2023-02-16,4.0,13.0,0.0,0
CUST_01356,Gampaha,2023-07-22,2.0,41.5,1.0,1
CUST_01357,Galle,2023-01-08,8.0,35.375,3.0,0
CUST_01358,Colombo Suburbs,2023-05-16,2.0,17.5,0.0,0
CUST_01359,Colombo 1-15,2023-10-02,3.0,8.666666666666666,0.0,0
CUST_01360,Colombo Suburbs,2023-03-05,3.0,30.0,2.0,0
CUST_01361,Galle,2023-08-21,3.0,21.666666666666668,1.0,0
CUST_01362,Colombo 1-15,2023-07-08,4.0,3.0,0.0,0
CUST_01363,Colombo Suburbs,2023-12-11,5.0,24.4,2.0,1
CUST_01364,Colombo Suburbs,2023-12-11,5.0,32.2,2.0,0
CUST_01365,Kandy,2023-05-15,5.0,36.8,3.0,1
CUST_01366,Colombo 1-15,2023-10-27,4.0,27.5,2.0,0
CUST_01367,Kandy,2023-07-15,6.0,33.5,3.0,1
CUST_01368,Galle,2023-11-23,5.0,19.0,1.0,0
CUST_01369,Colombo 1-15,2023-07-10,7.0,22.714285714285715,2.0,0
CUST_01370,Colombo 1-15,2023-02-25,5.0,28.8,2.0,1
CUST_01371,Galle,2023-12-12,7.0,38.714285714285715,4.0,0
CUST_01372,Colombo 1-15,2023-04-30,7.0,13.285714285714286,2.0,1
CUST_01373,Gampaha,2023-08-30,7.0,24.714285714285715,2.0,1
CUST_01374,Colombo Suburbs,2023-01-13,2.0,21.0,0.0,0
CUST_01375,Colombo 1-15,2023-11-14,3.0,50.333333333333336,2.0,1
CUST_01376,Gampaha,2023-10-15,7.0,12.428571428571429,2.0,0
CUST_01377,Colombo Suburbs,2023-06-17,3.0,14.333333333333334,0.0,0
CUST_01378,Colombo Suburbs,2023-11-09,8.0,28.125,2.0,0
CUST_01379,Colombo 1-15,2023-04-24,0.0,0.0,0.0,0
CUST_01380,Colombo Suburbs,2023-11-28,2.0,49.5,1.0,1
CUST_01381,Colombo 1-15,2023-02-02,6.0,17.166666666666668,0.0,0
CUST_01382,Colombo 1-15,2023-11-22,5.0,25.0,1.0,1
CUST_01383,Galle,2023-08-26,5.0,39.8,2.0,1
CUST_01384,Colombo 1-15,2023-12-25,4.0,32.0,1.0,1
CUST_01385,Colombo Suburbs,2023-06-04,5.0,53.0,4.0,1
CUST_01386,Colombo 1-15,2023-11-29,3.0,32.666666666666664,1.0,0
CUST_01387,Kandy,2023-07-29,8.0,35.375,5.0,1
CUST_01388,Colombo 1-15,2023-03-01,7.0,46.57142857142857,5.0,1
CUST_01389,Galle,2023-03-13,0.0,0.0,0.0,0
CUST_01390,Colombo Suburbs,2023-01-24,4.0,21.75,2.0,1
CUST_01391,Colombo 1-15,2023-01-20,4.0,14.0,1.0,0
CUST_01392,Colombo 1-15,2023-06-05,7.0,35.42857142857143,5.0,1
CUST_01393,Colombo 1-15,2023-09-10,2.0,10.0,0.0,0
CUST_01394,Colombo Suburbs,2023-03-01,7.0,14.428571428571429,2.0,1
CUST_01395,Colombo 1-15,2023-02-19,5.0,20.2,1.0,1
CUST_01396,Gampaha,2023-05-01,6.0,13.166666666666666,0.0,0
CUST_01397,Colombo Suburbs,2023-10-03,6.0,17.333333333333332,1.0,0
CUST_01398,Colombo 1-15,2023-03-11,4.0,38.5,3.0,1
CUST_01399,Colombo Suburbs,2023-07-18,9.0,31.88888888888889,4.0,0
CUST_01400,Kandy,2023-08-21,4.0,42.75,3.0,1
CUST_01401,Colombo 1-15,2023-07-09,8.0,19.125,2.0,0
CUST_01402,Colombo 1-15,2023-12-10,3.0,26.666666666666668,1.0,1
CUST_01403,Colombo 1-15,2023-12-23,3.0,14.333333333333334,0.0,0
CUST_01404,Kandy,2023-10-04,3.0,31.0,1.0,1
CUST_01405,Colombo Suburbs,2023-08-03,6.0,24.0,1.0,0
CUST_01406,Colombo Suburbs,2023-10-28,4.0,24.25,1.0,0
CUST_01407,Gampaha,2023-03-21,3.0,14.666666666666666,0.0,0
CUST_01408,Gampaha,2023-08-01,6.0,23.333333333333332,1.0,0
CUST_01409,Colombo Suburbs,2023-12-02,3.0,29.666666666666668,1.0,0
CUST_01410,Gampaha,2023-02-20,4.0,10.5,0.0,0
CUST_01411,Colombo 1-15,2023-09-08,4.0,21.5,2.0,0
CUST_01412,Colombo 1-15,2023-11-12,4.0,37.5,2.0,1
CUST_01413,Colombo 1-15,2023-07-28,2.0,23.0,1.0,1
CUST_01414,Colombo 1-15,2023-05-24,4.0,16.75,0.0,0
CUST_01415,Colombo Suburbs,2023-01-17,2.0,29.5,1.0,1
CUST_01416,Galle,2023-12-20,5.0,22.6,2.0,0
CUST_01417,Colombo 1-15,2023-07-09,3.0,19.666666666666668,0.0,0
CUST_01418,Colombo 1-15,2023-04-22,5.0,17.0,1.0,0
CUST_01419,Colombo Suburbs,2023-08-16,4.0,23.5,1.0,0
CUST_01420,Galle,2023-08-16,6.0,17.333333333333332,2.0,0
CUST_01421,Colombo 1-15,2023-05-01,3.0,13.333333333333334,0.0,1
CUST_01422,Colombo Suburbs,2023-07-05,5.0,25.8,1.0,0
CUST_01423,Colombo 1-15,2023-02-20,6.0,35.0,3.0,1
CUST_01424,Colombo 1-15,2023-12-18,5.0,29.0,2.0,0
CUST_01425,Galle,2023-07-08,2.0,14.0,0.0,0
CUST_01426,Galle,2023-10-06,3.0,20.333333333333332,0.0,0
CUST_01427,Colombo 1-15,2023-11-27,6.0,29.666666666666668,4.0,1
CUST_01428,Galle,2023-07-03,4.0,24.75,1.0,0
CUST_01429,Colombo Suburbs,2023-02-01,4.0,26.5,1.0,1
CUST_01430,Gampaha,2023-07-23,4.0,15.75,1.0,0
CUST_01431,Colombo Suburbs,2023-05-22,2.0,34.0,1.0,0
CUST_01432,Colombo Suburbs,2023-04-08,5.0,18.6,1.0,0
CUST_01433,Colombo Suburbs,2023-03-04,3.0,37.0,2.0,1
CUST_01434,Colombo Suburbs,2023-08-21,5.0,29.6,2.0,0
CUST_01435,Colombo 1-15,2023-02-16,5.0,19.0,2.0,0
CUST_01436,Colombo 1-15,2023-12-06,4.0,12.25,1.0,0
CUST_01437,Colombo 1-15,2023-04-19,4.0,7.0,0.0,0
CUST_01438,Kandy,2023-11-25,6.0,17.833333333333332,0.0,1
CUST_01439,Colombo 1-15,2023-11-24,3.0,40.666666666666664,2.0,1
CUST_01440,Colombo Suburbs,2023-11-02,4.0,31.25,1.0,0
CUST_01441,Galle,2023-01-11,4.0,21.5,1.0,1
CUST_01442,Colombo 1-15,2023-01-26,5.0,11.0,1.0,0
CUST_01443,Colombo Suburbs,2023-06-20,5.0,34.6,2.0,1
CUST_01444,Colombo Suburbs,2023-05-05,0.0,0.0,0.0,0
CUST_01445,Gampaha,2023-03-06,4.0,31.25,2.0,0
CUST_01446,Colombo 1-15,2023-10-17,6.0,26.166666666666668,1.0,0
CUST_01447,Colombo Suburbs,2023-04-16,6.0,19.0,1.0,0
CUST_01448,Gampaha,2023-02-05,4.0,9.75,0.0,0
CUST_01449,Galle,2023-10-11,3.0,12.0,0.0,0
CUST_01450,Colombo Suburbs,2023-04-17,7.0,27.857142857142858,3.0,1
CUST_01451,Colombo Suburbs,2023-10-28,2.0,8.0,0.0,0
CUST_01452,Colombo Suburbs,2023-04-21,5.0,47.4,3.0,1
CUST_01453,Gampaha,2023-04-30,8.0,16.25,0.0,0
CUST_01454,Colombo Suburbs,2023-06-18,3.0,10.666666666666666,0.0,0
CUST_01455,Colombo 1-15,2023-03-17,6.0,23.333333333333332,2.0,1
CUST_01456,Galle,2023-11-02,5.0,21.2,1.0,1
CUST_01457,Colombo Suburbs,2023-01-02,2.0,44.0,1.0,1
CUST_01458,Colombo Suburbs,2023-05-22,6.0,26.0,2.0,1
CUST_01459,Colombo 1-15,2023-03-16,1.0,36.0,1.0,1
CUST_01460,Colombo Suburbs,2023-03-08,8.0,10.125,1.0,0
CUST_01461,Colombo 1-15,2023-10-04,4.0,22.5,1.0,0
CUST_01462,Colombo Suburbs,2023-05-09,5.0,22.0,1.0,0
CUST_01463,Colombo 1-15,2023-03-31,6.0,29.5,2.0,1
CUST_01464,Colombo Suburbs,2023-02-26,5.0,29.6,2.0,1
CUST_01465,Galle,2023-12-05,2.0,16.0,0.0,1
CUST_01466,Colombo 1-15,2023-01-14,8.0,25.625,3.0,1
CUST_01467,Galle,2023-03-09,4.0,20.5,1.0,0
CUST_01468,Colombo Suburbs,2023-01-08,2.0,18.5,0.0,0
CUST_01469,Gampaha,2023-07-03,3.0,26.666666666666668,1.0,1
CUST_01470,Kandy,2023-05-02,3.0,23.666666666666668,1.0,0
CUST_01471,Colombo Suburbs,2023-10-29,6.0,34.5,3.0,1
CUST_01472,Kandy,2023-06-15,8.0,16.625,0.0,0
CUST_01473,Gampaha,2023-01-09,6.0,20.0,1.0,0
CUST_01474,Colombo Suburbs,2023-03-31,5.0,27.2,1.0,1
CUST_01475,Colombo 1-15,2023-05-16,8.0,29.5,4.0,1
CUST_01476,Colombo Suburbs,2023-01-27,5.0,13.4,0.0,0
CUST_01477,Gampaha,2023-03-06,6.0,20.833333333333332,1.0,0
CUST_01478,Kandy,2023-08-04,8.0,14.5,0.0,0
CUST_01479,Kandy,2023-09-27,2.0,30.5,1.0,1
CUST_01480,Colombo Suburbs,2023-02-28,1.0,19.0,0.0,1
CUST_01481,Gampaha,2023-02-02,4.0,13.75,1.0,0
CUST_01482,Colombo 1-15,2023-09-01,3.0,8.0,0.0,0
CUST_01483,Colombo Suburbs,2023-08-18,6.0,38.5,3.0,1
CUST_01484,Colombo 1-15,2023-07-05,5.0,26.0,1.0,1
CUST_01485,Colombo 1-15,2023-09-20,8.0,29.5,3.0,0
CUST_01486,Colombo 1-15,2023-10-31,3.0,9.0,0.0,0
CUST_01487,Colombo 1-15,2023-02-25,8.0,21.125,1.0,0
CUST_01488,Colombo Suburbs,2023-08-20,4.0,15.75,1.0,1
CUST_01489,Colombo 1-15,2023-09-15,5.0,15.6,2.0,1
CUST_01490,Colombo Suburbs,2023-04-24,1.0,31.0,1.0,0
CUST_01491,Colombo 1-15,2023-11-11,6.0,24.666666666666668,2.0,0
CUST_01492,Colombo 1-15,2023-01-23,3.0,19.666666666666668,1.0,0
CUST_01493,Colombo 1-15,2023-12-04,2.0,9.0,0.0,0
CUST_01494,Colombo 1-15,2023-09-24,5.0,9.0,0.0,0
CUST_01495,Colombo Suburbs,2023-06-04,5.0,12.8,1.0,0
CUST_01496,Colombo Suburbs,2023-08-23,2.0,21.0,1.0,0
CUST_01497,Colombo Suburbs,2023-11-26,1.0,16.0,0.0,0
CUST_01498,Colombo Suburbs,2023-01-16,5.0,28.6,2.0,1
CUST_01499,Colombo 1-15,2023-02-01,3.0,5.666666666666667,0.0,0
CUST_01500,Gampaha,2023-09-03,5.0,8.2,0.0,0
CUST_01501,Colombo Suburbs,2023-07-25,2.0,24.0,1.0,0
CUST_01502,Colombo Suburbs,2023-08-07,2.0,47.5,2.0,1
CUST_01503,Colombo 1-15,2023-12-18,6.0,29.833333333333332,4.0,1
CUST_01504,Colombo 1-15,2023-02-25,3.0,34.0,2.0,1
CUST_01505,Colombo 1-15,2023-09-09,2.0,11.0,0.0,0
CUST_01506,Colombo 1-15,2023-12-31,5.0,43.8,3.0,1
CUST_01507,Colombo Suburbs,2023-08-16,4.0,21.25,1.0,1
CUST_01508,Colombo Suburbs,2023-02-07,3.0,21.666666666666668,0.0,0
CUST_01509,Colombo Suburbs,2023-02-11,3.0,35.333333333333336,1.0,1
CUST_01510,Kandy,2023-06-14,4.0,28.0,2.0,0
CUST_01511,Gampaha,2023-11-08,1.0,31.0,1.0,0
CUST_01512,Kandy,2023-03-17,5.0,20.4,1.0,0
CUST_01513,Galle,2023-02-03,5.0,30.0,3.0,0
CUST_01514,Colombo 1-15,2023-03-06,6.0,30.666666666666668,3.0,1
CUST_01515,Colombo 1-15,2023-05-21,6.0,29.666666666666668,2.0,0
CUST_01516,Colombo 1-15,2023-11-16,5.0,42.6,2.0,1
CUST_01517,Colombo Suburbs,2023-11-21,4.0,34.0,2.0,0
CUST_01518,Gampaha,2023-10-27,9.0,46.111111111111114,5.0,1
CUST_01519,Colombo 1-15,2023-10-08,4.0,34.75,2.0,1
CUST_01520,Galle,2023-12-31,1.0,4.0,0.0,0
CUST_01521,Colombo 1-15,2023-06-16,3.0,13.666666666666666,0.0,0
CUST_01522,Galle,2023-07-15,5.0,37.2,3.0,1
CUST_01523,Colombo 1-15,2023-11-02,3.0,35.666666666666664,1.0,0
CUST_01524,Colombo 1-15,2023-09-29,5.0,21.8,2.0,1
CUST_01525,Colombo Suburbs,2023-05-31,6.0,40.166666666666664,3.0,1
CUST_01526,Colombo 1-15,2023-08-21,9.0,21.555555555555557,2.0,1
CUST_01527,Colombo 1-15,2023-09-16,3.0,29.0,1.0,0
CUST_01528,Colombo 1-15,2023-11-06,5.0,37.0,2.0,1
CUST_01529,Gampaha,2023-08-09,5.0,41.6,3.0,1
CUST_01530,Colombo Suburbs,2023-02-20,5.0,36.4,3.0,1
CUST_01531,Colombo 1-15,2023-12-26,7.0,37.142857142857146,3.0,1
CUST_01532,Colombo Suburbs,2023-02-28,3.0,14.666666666666666,0.0,0
CUST_01533,Kandy,2023-12-02,6.0,41.666666666666664,3.0,1
CUST_01534,Colombo 1-15,2023-11-30,5.0,24.2,1.0,0
CUST_01535,Colombo Suburbs,2023-10-10,2.0,18.0,0.0,0
CUST_01536,Colombo 1-15,2023-04-21,9.0,32.77777777777778,5.0,1
CUST_01537,Colombo 1-15,2023-08-09,5.0,22.8,1.0,1
CUST_01538,Colombo Suburbs,2023-08-20,6.0,29.5,2.0,0
CUST_01539,Colombo 1-15,2023-04-27,2.0,12.5,0.0,1
CUST_01540,Colombo Suburbs,2023-07-31,4.0,31.75,1.0,1
CUST_01541,Kandy,2023-06-23,5.0,27.2,2.0,1
CUST_01542,Colombo 1-15,2023-08-21,4.0,40.75,3.0,1
CUST_01543,Colombo Suburbs,2023-07-24,2.0,11.5,0.0,0
CUST_01544,Colombo 1-15,2023-08-01,1.0,77.0,1.0,0
CUST_01545,Galle,2023-02-18,4.0,20.0,0.0,0
CUST_01546,Colombo Suburbs,2023-06-10,11.0,41.27272727272727,6.0,0
CUST_01547,Gampaha,2023-08-07,5.0,26.0,2.0,1
CUST_01548,Colombo Suburbs,2023-06-10,5.0,27.0,2.0,1
CUST_01549,Colombo 1-15,2023-12-07,4.0,28.75,2.0,0
CUST_01550,Colombo Suburbs,2023-05-11,4.0,15.75,1.0,0
CUST_01551,Galle,2023-07-11,3.0,12.333333333333334,0.0,0
CUST_01552,Colombo Suburbs,2023-03-20,3.0,10.666666666666666,0.0,0
CUST_01553,Gampaha,2023-12-18,7.0,21.857142857142858,1.0,0
CUST_01554,Gampaha,2023-08-31,4.0,21.25,1.0,1
CUST_01555,Colombo 1-15,2023-02-04,4.0,12.75,0.0,0
CUST_01556,Colombo 1-15,2023-02-16,3.0,28.333333333333332,2.0,0
CUST_01557,Colombo Suburbs,2023-02-13,5.0,18.0,1.0,0
CUST_01558,Colombo Suburbs,2023-02-17,5.0,22.4,1.0,0
CUST_01559,Gampaha,2023-08-10,4.0,23.75,2.0,1
CUST_01560,Galle,2023-02-19,3.0,10.333333333333334,0.0,0
CUST_01561,Colombo 1-15,2023-07-10,1.0,5.0,0.0,0
CUST_01562,Colombo 1-15,2023-03-08,5.0,18.6,1.0,0
CUST_01563,Kandy,2023-10-12,4.0,19.25,0.0,0
CUST_01564,Colombo 1-15,2023-01-31,4.0,44.75,3.0,1
CUST_01565,Gampaha,2023-10-28,5.0,20.8,2.0,0
CUST_01566,Colombo Suburbs,2023-10-15,4.0,26.5,1.0,1
CUST_01567,Colombo Suburbs,2023-10-15,3.0,29.666666666666668,2.0,0
CUST_01568,Colombo 1-15,2023-06-18,1.0,56.0,1.0,1
CUST_01569,Colombo Suburbs,2023-12-10,2.0,7.0,0.0,0
CUST_01570,Colombo Suburbs,2023-03-04,5.0,48.2,3.0,1
CUST_01571,Colombo Suburbs,2023-07-30,4.0,10.75,0.0,0
CUST_01572,Colombo 1-15,2023-07-01,6.0,43.0,3.0,1
CUST_01573,Kandy,2023-12-07,2.0,46.0,2.0,1
CUST_01574,Gampaha,2023-08-05,2.0,28.5,1.0,0
CUST_01575,Colombo 1-15,2023-01-27,5.0,15.0,1.0,0
CUST_01576,Colombo 1-15,2023-05-28,4.0,18.5,1.0,0
CUST_01577,Colombo 1-15,2023-11-04,5.0,19.0,1.0,0
CUST_01578,Colombo Suburbs,2023-06-09,6.0,37.833333333333336,2.0,1
CUST_01579,Colombo Suburbs,2023-06-30,8.0,11.25,0.0,0
CUST_01580,Colombo Suburbs,2023-02-23,3.0,20.666666666666668,1.0,1
CUST_01581,Colombo 1-15,2023-10-23,10.0,28.4,4.0,1
CUST_01582,Colombo 1-15,2023-09-17,2.0,30.0,1.0,1
CUST_01583,Colombo Suburbs,2023-04-19,6.0,24.5,1.0,0
CUST_01584,Colombo Suburbs,2023-03-21,10.0,28.0,4.0,1
CUST_01585,Galle,2023-12-03,9.0,16.77777777777778,2.0,1
CUST_01586,Colombo 1-15,2023-09-04,3.0,29.0,1.0,0
CUST_01587,Colombo Suburbs,2023-04-25,6.0,43.833333333333336,4.0,1
CUST_01588,Colombo Suburbs,2023-02-25,4.0,34.25,2.0,1
CUST_01589,Colombo Suburbs,2023-06-29,2.0,19.0,0.0,0
CUST_01590,Kandy,2023-10-12,1.0,79.0,1.0,1
CUST_01591,Colombo Suburbs,2023-07-08,4.0,24.25,2.0,1
CUST_01592,Galle,2023-02-28,1.0,37.0,1.0,1
CUST_01593,Colombo 1-15,2023-05-23,6.0,27.0,2.0,0
CUST_01594,Colombo 1-15,2023-10-21,2.0,8.5,0.0,0
CUST_01595,Kandy,2023-04-26,4.0,29.0,1.0,0
CUST_01596,Colombo Suburbs,2023-08-08,5.0,40.0,3.0,1
CUST_01597,Colombo 1-15,2023-10-15,3.0,13.0,1.0,0
CUST_01598,Colombo 1-15,2023-11-15,7.0,32.285714285714285,3.0,0
CUST_01599,Colombo 1-15,2023-11-11,5.0,5.4,0.0,0
CUST_01600,Gampaha,2023-12-12,4.0,14.25,0.0,0
CUST_01601,Colombo 1-15,2023-11-26,6.0,14.666666666666666,1.0,0
CUST_01602,Colombo 1-15,2023-10-13,6.0,18.166666666666668,0.0,0
CUST_01603,Colombo 1-15,2023-01-14,3.0,38.666666666666664,1.0,1
CUST_01604,Colombo 1-15,2023-11-08,8.0,21.75,1.0,0
CUST_01605,Colombo 1-15,2023-12-03,8.0,14.125,0.0,0
CUST_01606,Colombo Suburbs,2023-12-22,2.0,15.0,0.0,0
CUST_01607,Colombo 1-15,2023-05-17,1.0,51.0,1.0,1
CUST_01608,Gampaha,2023-01-15,2.0,18.5,0.0,0
CUST_01609,Colombo 1-15,2023-04-03,3.0,34.333333333333336,1.0,0
CUST_01610,Colombo Suburbs,2023-05-20,9.0,6.888888888888889,1.0,1
CUST_01611,Gampaha,2023-12-26,4.0,23.25,1.0,0
CUST_01612,Colombo Suburbs,2023-06-08,6.0,32.5,3.0,1
CUST_01613,Colombo Suburbs,2023-06-23,3.0,14.666666666666666,0.0,0
CUST_01614,Colombo 1-15,2023-06-29,2.0,15.5,0.0,0
CUST_01615,Colombo 1-15,2023-01-04,4.0,7.25,0.0,0
CUST_01616,Colombo Suburbs,2023-04-03,0.0,0.0,0.0,0
CUST_01617,Galle,2023-03-15,4.0,22.0,1.0,0
CUST_01618,Colombo Suburbs,2023-10-17,2.0,33.5,1.0,1
CUST_01619,Colombo Suburbs,2023-12-03,3.0,36.333333333333336,1.0,1
CUST_01620,Kandy,2023-07-25,2.0,4.5,0.0,0
CUST_01621,Colombo Suburbs,2023-02-05,3.0,49.0,2.0,1
CUST_01622,Colombo 1-15,2023-03-14,1.0,40.0,1.0,1
CUST_01623,Colombo Suburbs,2023-11-21,5.0,38.6,3.0,1
CUST_01624,Galle,2023-01-16,5.0,18.6,1.0,0
CUST_01625,Colombo 1-15,2023-02-16,4.0,34.0,2.0,1
CUST_01626,Colombo Suburbs,2023-09-29,5.0,28.0,1.0,0
CUST_01627,Colombo 1-15,2023-04-21,3.0,44.333333333333336,2.0,1
CUST_01628,Colombo Suburbs,2023-07-12,6.0,18.166666666666668,1.0,0
CUST_01629,Colombo 1-15,2023-08-03,1.0,1.0,0.0,0
CUST_01630,Colombo Suburbs,2023-08-21,4.0,43.25,3.0,1
CUST_01631,Kandy,2023-06-24,5.0,52.8,4.0,1
CUST_01632,Colombo 1-15,2023-03-22,3.0,20.333333333333332,0.0,1
CUST_01633,Colombo Suburbs,2023-07-09,5.0,42.4,3.0,1
CUST_01634,Kandy,2023-06-09,3.0,23.333333333333332,2.0,0
CUST_01635,Galle,2023-06-16,4.0,27.25,1.0,0
CUST_01636,Colombo 1-15,2023-10-18,2.0,42.5,1.0,1
CUST_01637,Colombo 1-15,2023-11-02,1.0,17.0,0.0,0
CUST_01638,Colombo 1-15,2023-02-13,4.0,26.0,2.0,0
CUST_01639,Galle,2023-01-27,4.0,18.75,1.0,0
CUST_01640,Galle,2023-03-21,3.0,20.0,1.0,0
CUST_01641,Colombo Suburbs,2023-03-22,7.0,17.0,1.0,0
CUST_01642,Gampaha,2023-11-13,6.0,40.0,2.0,1
CUST_01643,Colombo Suburbs,2023-01-26,2.0,12.0,0.0,0
CUST_01644,Colombo Suburbs,2023-12-12,4.0,5.0,0.0,0
CUST_01645,Colombo 1-15,2023-02-11,4.0,17.25,1.0,0
CUST_01646,Kandy,2023-05-20,3.0,19.0,1.0,0
CUST_01647,Colombo 1-15,2023-08-15,4.0,50.5,3.0,1
CUST_01648,Gampaha,2023-12-05,5.0,23.6,1.0,0
CUST_01649,Kandy,2023-08-06,7.0,19.714285714285715,1.0,0
CUST_01650,Kandy,2023-09-06,7.0,10.857142857142858,1.0,0
CUST_01651,Colombo 1-15,2023-11-07,3.0,22.333333333333332,1.0,1
CUST_01652,Colombo 1-15,2023-08-15,7.0,29.285714285714285,2.0,0
CUST_01653,Colombo 1-15,2023-08-01,6.0,21.833333333333332,1.0,1
CUST_01654,Colombo 1-15,2023-05-20,13.0,30.923076923076923,4.0,1
CUST_01655,Colombo 1-15,2023-04-21,3.0,36.333333333333336,2.0,1
CUST_01656,Galle,2023-09-20,2.0,16.0,0.0,0
CUST_01657,Colombo Suburbs,2023-02-28,3.0,28.333333333333332,2.0,1
CUST_01658,Colombo 1-15,2023-06-26,3.0,20.0,0.0,0
CUST_01659,Colombo 1-15,2023-08-09,7.0,33.857142857142854,5.0,1
CUST_01660,Colombo Suburbs,2023-02-26,8.0,28.125,2.0,0
CUST_01661,Colombo Suburbs,2023-05-26,3.0,22.666666666666668,1.0,1
CUST_01662,Colombo Suburbs,2023-12-14,7.0,19.857142857142858,2.0,1
CUST_01663,Galle,2023-12-14,1.0,51.0,1.0,1
CUST_01664,Colombo Suburbs,2023-10-31,4.0,32.0,2.0,1
CUST_01665,Galle,2023-09-07,2.0,14.0,0.0,0
CUST_01666,Gampaha,2023-09-27,3.0,30.333333333333332,1.0,1
CUST_01667,Colombo 1-15,2023-12-08,1.0,9.0,0.0,0
CUST_01668,Galle,2023-06-07,4.0,46.75,3.0,1
CUST_01669,Colombo 1-15,2023-01-24,2.0,8.0,0.0,0
CUST_01670,Gampaha,2023-04-23,3.0,29.0,1.0,0
CUST_01671,Colombo 1-15,2023-07-22,1.0,16.0,0.0,1
CUST_01672,Gampaha,2023-11-03,3.0,40.0,2.0,1
CUST_01673,Gampaha,2023-01-29,7.0,32.714285714285715,4.0,1
CUST_01674,Gampaha,2023-01-04,10.0,20.4,3.0,1
CUST_01675,Kandy,2023-04-15,4.0,22.5,1.0,0
CUST_01676,Colombo 1-15,2023-06-04,4.0,30.75,1.0,0
CUST_01677,Colombo 1-15,2023-04-19,2.0,41.5,1.0,0
CUST_01678,Colombo Suburbs,2023-03-12,3.0,26.0,0.0,0
CUST_01679,Colombo 1-15,2023-05-11,3.0,40.333333333333336,2.0,1
CUST_01680,Colombo Suburbs,2023-05-29,3.0,18.333333333333332,1.0,0
CUST_01681,Colombo 1-15,2023-06-17,4.0,16.25,1.0,0
CUST_01682,Galle,2023-03-03,4.0,21.25,2.0,1
CUST_01683,Colombo Suburbs,2023-01-04,6.0,19.333333333333332,2.0,0
CUST_01684,Gampaha,2023-09-12,4.0,16.5,1.0,1
CUST_01685,Colombo 1-15,2023-08-09,1.0,48.0,1.0,1
CUST_01686,Gampaha,2023-03-31,4.0,16.75,0.0,0
CUST_01687,Galle,2023-03-08,3.0,11.333333333333334,0.0,0
CUST_01688,Colombo Suburbs,2023-07-14,3.0,13.0,0.0,0
CUST_01689,Colombo Suburbs,2023-09-30,2.0,5.5,0.0,0
CUST_01690,Kandy,2023-12-27,2.0,4.5,0.0,0
CUST_01691,Colombo 1-15,2023-04-28,3.0,25.666666666666668,1.0,0
CUST_01692,Colombo Suburbs,2023-09-14,3.0,13.0,1.0,1
CUST_01693,Colombo 1-15,2023-10-14,5.0,35.8,3.0,1
CUST_01694,Colombo 1-15,2023-12-09,4.0,41.5,2.0,1
CUST_01695,Colombo 1-15,2023-07-01,6.0,4.5,0.0,0
CUST_01696,Colombo 1-15,2023-02-06,4.0,31.75,3.0,1
CUST_01697,Colombo 1-15,2023-07-23,1.0,28.0,0.0,0
CUST_01698,Colombo 1-15,2023-01-22,2.0,14.0,0.0,0
CUST_01699,Galle,2023-08-12,3.0,27.0,1.0,0
CUST_01700,Colombo Suburbs,2023-01-10,5.0,15.6,0.0,0
CUST_01701,Galle,2023-08-24,5.0,21.0,0.0,0
CUST_01702,Colombo Suburbs,2023-02-09,5.0,36.8,3.0,1
CUST_01703,Colombo 1-15,2023-06-10,0.0,0.0,0.0,0
CUST_01704,Colombo Suburbs,2023-10-22,3.0,25.666666666666668,1.0,0
CUST_01705,Colombo Suburbs,2023-08-08,3.0,20.0,1.0,0
CUST_01706,Colombo 1-15,2023-10-21,2.0,23.5,1.0,1
CUST_01707,Colombo Suburbs,2023-07-27,2.0,45.5,1.0,1
CUST_01708,Colombo 1-15,2023-12-30,4.0,24.0,2.0,1
CUST_01709,Colombo Suburbs,2023-11-24,5.0,29.8,3.0,0
CUST_01710,Colombo Suburbs,2023-08-02,5.0,26.0,2.0,0
CUST_01711,Colombo 1-15,2023-05-29,0.0,0.0,0.0,0
CUST_01712,Colombo 1-15,2023-02-28,3.0,8.0,0.0,0
CUST_01713,Kandy,2023-07-27,2.0,7.0,0.0,0
CUST_01714,Colombo Suburbs,2023-01-11,2.0,9.0,0.0,0
CUST_01715,Colombo 1-15,2023-06-16,8.0,32.5,3.0,0
CUST_01716,Galle,2023-03-29,3.0,30.0,1.0,0
CUST_01717,Colombo 1-15,2023-11-13,4.0,29.0,2.0,1
CUST_01718,Colombo Suburbs,2023-08-24,2.0,54.0,2.0,1
CUST_01719,Galle,2023-12-20,6.0,10.0,0.0,0
CUST_01720,Colombo 1-15,2023-07-05,2.0,29.5,1.0,0
CUST_01721,Colombo 1-15,2023-02-15,8.0,33.625,3.0,1
CUST_01722,Colombo 1-15,2023-08-12,5.0,24.8,1.0,1
CUST_01723,Colombo 1-15,2023-02-24,3.0,30.0,1.0,0
CUST_01724,Colombo 1-15,2023-05-05,5.0,20.0,1.0,0
CUST_01725,Colombo Suburbs,2023-08-12,3.0,30.333333333333332,2.0,0
CUST_01726,Colombo 1-15,2023-10-29,6.0,55.166666666666664,4.0,1
CUST_01727,Colombo Suburbs,2023-07-25,4.0,12.0,0.0,0
CUST_01728,Galle,2023-09-26,0.0,0.0,0.0,0
CUST_01729,Gampaha,2023-02-10,5.0,16.0,1.0,1
CUST_01730,Colombo Suburbs,2023-07-22,3.0,14.0,0.0,0
CUST_01731,Colombo 1-15,2023-06-08,5.0,53.6,3.0,1
CUST_01732,Colombo Suburbs,2023-06-23,5.0,24.2,1.0,0
CUST_01733,Colombo Suburbs,2023-04-24,3.0,31.333333333333332,2.0,1
CUST_01734,Colombo Suburbs,2023-06-20,3.0,8.333333333333334,0.0,0
CUST_01735,Colombo 1-15,2023-03-28,4.0,2.75,0.0,0
CUST_01736,Gampaha,2023-02-09,4.0,27.75,1.0,0
CUST_01737,Colombo Suburbs,2023-09-19,7.0,34.0,2.0,1
CUST_01738,Colombo 1-15,2023-11-21,4.0,19.75,2.0,0
CUST_01739,Colombo 1-15,2023-02-28,10.0,26.8,4.0,1
CUST_01740,Colombo Suburbs,2023-09-29,7.0,19.714285714285715,2.0,0
CUST_01741,Gampaha,2023-09-19,5.0,31.4,2.0,1
CUST_01742,Kandy,2023-04-10,7.0,34.142857142857146,3.0,1
CUST_01743,Kandy,2023-06-28,6.0,15.333333333333334,1.0,0
CUST_01744,Colombo 1-15,2023-06-29,6.0,22.833333333333332,2.0,1
CUST_01745,Colombo Suburbs,2023-11-27,2.0,38.0,2.0,1
CUST_01746,Colombo Suburbs,2023-03-17,4.0,36.25,2.0,0
CUST_01747,Colombo 1-15,2023-05-01,3.0,14.333333333333334,0.0,0
CUST_01748,Colombo 1-15,2023-02-22,2.0,50.5,1.0,1
CUST_01749,Kandy,2023-03-16,4.0,35.0,1.0,1
CUST_01750,Colombo 1-15,2023-05-12,4.0,27.75,1.0,0
CUST_01751,Colombo Suburbs,2023-04-12,3.0,19.0,0.0,0
CUST_01752,Colombo 1-15,2023-03-30,9.0,22.77777777777778,4.0,1
CUST_01753,Colombo 1-15,2023-11-05,4.0,26.0,1.0,1
CUST_01754,Colombo 1-15,2023-03-20,4.0,26.0,2.0,0
CUST_01755,Galle,2023-12-02,4.0,20.5,1.0,0
CUST_01756,Gampaha,2023-02-08,3.0,3.3333333333333335,0.0,0
CUST_01757,Galle,2023-04-01,4.0,13.0,0.0,0
CUST_01758,Colombo Suburbs,2023-11-18,5.0,45.4,3.0,1
CUST_01759,Colombo 1-15,2023-09-10,7.0,26.0,2.0,0
CUST_01760,Colombo Suburbs,2023-08-26,4.0,25.0,1.0,0
CUST_01761,Colombo Suburbs,2023-10-16,7.0,8.428571428571429,0.0,0
CUST_01762,Gampaha,2023-10-24,5.0,42.6,3.0,1
CUST_01763,Colombo 1-15,2023-08-18,4.0,38.5,2.0,1
CUST_01764,Colombo Suburbs,2023-12-15,3.0,24.333333333333332,1.0,1
CUST_01765,Colombo 1-15,2023-10-17,3.0,11.333333333333334,0.0,0
CUST_01766,Colombo 1-15,2023-11-26,0.0,0.0,0.0,0
CUST_01767,Kandy,2023-11-22,3.0,54.666666666666664,3.0,1
CUST_01768,Colombo Suburbs,2023-11-16,5.0,3.2,0.0,0
CUST_01769,Colombo 1-15,2023-06-15,5.0,31.4,1.0,1
CUST_01770,Colombo 1-15,2023-11-18,6.0,28.333333333333332,2.0,0
CUST_01771,Colombo Suburbs,2023-06-11,5.0,49.8,4.0,0
CUST_01772,Kandy,2023-03-19,6.0,36.833333333333336,2.0,1
CUST_01773,Gampaha,2023-08-14,3.0,28.333333333333332,2.0,1
CUST_01774,Galle,2023-02-04,6.0,29.166666666666668,3.0,0
CUST_01775,Kandy,2023-08-29,4.0,44.25,2.0,1
CUST_01776,Colombo 1-15,2023-08-15,3.0,14.333333333333334,0.0,0
CUST_01777,Colombo Suburbs,2023-11-20,3.0,33.333333333333336,1.0,1
CUST_01778,Colombo Suburbs,2023-06-05,4.0,43.0,2.0,1
CUST_01779,Colombo 1-15,2023-05-21,6.0,17.0,1.0,1
CUST_01780,Gampaha,2023-10-30,4.0,21.75,0.0,0
CUST_01781,Colombo 1-15,2023-01-29,4.0,22.25,1.0,0
CUST_01782,Galle,2023-06-30,3.0,26.333333333333332,1.0,1
CUST_01783,Colombo Suburbs,2023-09-17,4.0,19.25,1.0,1
CUST_01784,Colombo Suburbs,2023-02-07,2.0,29.5,1.0,0
CUST_01785,Colombo Suburbs,2023-06-08,7.0,16.285714285714285,1.0,0
CUST_01786,Gampaha,2023-08-25,10.0,23.5,3.0,0
CUST_01787,Colombo Suburbs,2023-08-20,1.0,29.0,0.0,0
CUST_01788,Colombo Suburbs,2023-01-20,6.0,14.666666666666666,2.0,0
CUST_01789,Colombo 1-15,2023-01-30,6.0,27.166666666666668,2.0,1
CUST_01790,Colombo Suburbs,2023-07-08,4.0,12.5,0.0,0
CUST_01791,Colombo 1-15,2023-05-27,3.0,26.333333333333332,0.0,0
CUST_01792,Kandy,2023-02-09,7.0,32.142857142857146,3.0,1
CUST_01793,Colombo Suburbs,2023-11-27,2.0,10.0,0.0,0
CUST_01794,Colombo Suburbs,2023-02-16,9.0,35.888888888888886,3.0,1
CUST_01795,Colombo 1-15,2023-11-11,4.0,44.5,4.0,1
CUST_01796,Colombo 1-15,2023-11-01,8.0,30.25,3.0,0
CUST_01797,Kandy,2023-09-17,2.0,32.0,1.0,1
CUST_01798,Colombo 1-15,2023-07-16,2.0,45.5,1.0,1
CUST_01799,Colombo 1-15,2023-08-25,3.0,15.666666666666666,0.0,0
CUST_01800,Colombo 1-15,2023-10-25,4.0,27.5,1.0,1
CUST_01801,Galle,2023-10-11,5.0,27.6,2.0,0
CUST_01802,Kandy,2023-01-22,2.0,6.0,0.0,0
CUST_01803,Colombo 1-15,2023-08-19,2.0,1.0,0.0,0
CUST_01804,Colombo 1-15,2023-10-20,2.0,41.5,1.0,1
CUST_01805,Colombo 1-15,2023-11-30,1.0,0.0,0.0,0
CUST_01806,Kandy,2023-04-07,6.0,13.166666666666666,1.0,0
CUST_01807,Colombo Suburbs,2023-06-14,9.0,19.88888888888889,2.0,0
CUST_01808,Colombo 1-15,2023-11-06,4.0,30.25,1.0,1
CUST_01809,Colombo 1-15,2023-09-01,2.0,19.5,0.0,0
CUST_01810,Colombo 1-15,2023-09-14,5.0,37.2,2.0,0
CUST_01811,Colombo Suburbs,2023-03-19,3.0,67.33333333333333,3.0,0
CUST_01812,Kandy,2023-02-01,2.0,38.0,2.0,1
CUST_01813,Colombo 1-15,2023-08-19,4.0,29.0,2.0,0
CUST_01814,Colombo 1-15,2023-02-22,4.0,13.0,0.0,0
CUST_01815,Colombo 1-15,2023-06-25,3.0,36.333333333333336,2.0,1
CUST_01816,Galle,2024-01-01,6.0,25.833333333333332,2.0,1
CUST_01817,Colombo 1-15,2023-02-13,4.0,12.75,0.0,0
CUST_01818,Kandy,2023-09-16,5.0,30.0,2.0,0
CUST_01819,Colombo Suburbs,2023-11-27,2.0,39.0,2.0,1
CUST_01820,Colombo 1-15,2023-03-30,5.0,30.2,2.0,0
CUST_01821,Colombo 1-15,2023-01-21,4.0,15.75,1.0,0
CUST_01822,Colombo 1-15,2023-05-07,6.0,37.333333333333336,3.0,1
CUST_01823,Colombo Suburbs,2023-12-29,3.0,21.333333333333332,1.0,0
CUST_01824,Kandy,2023-08-13,4.0,27.25,2.0,0
CUST_01825,Colombo Suburbs,2023-08-13,3.0,14.333333333333334,1.0,0
CUST_01826,Colombo Suburbs,2023-09-26,3.0,42.666666666666664,2.0,1
CUST_01827,Colombo 1-15,2023-09-25,4.0,16.25,0.0,0
CUST_01828,Galle,2023-11-09,5.0,34.0,3.0,1
CUST_01829,Kandy,2023-03-23,3.0,19.0,0.0,0
CUST_01830,Colombo 1-15,2023-07-06,4.0,37.75,2.0,1
CUST_01831,Galle,2023-07-10,5.0,21.8,1.0,0
CUST_01832,Colombo Suburbs,2023-05-25,2.0,8.0,0.0,0
CUST_01833,Colombo Suburbs,2023-07-18,1.0,80.0,1.0,1
CUST_01834,Kandy,2023-07-29,8.0,20.75,2.0,0
CUST_01835,Gampaha,2023-06-23,4.0,9.5,0.0,0
CUST_01836,Colombo Suburbs,2023-12-14,6.0,21.5,2.0,1
CUST_01837,Colombo 1-15,2023-11-03,1.0,20.0,0.0,0
CUST_01838,Colombo 1-15,2023-01-27,7.0,18.142857142857142,1.0,0
CUST_01839,Galle,2023-11-20,5.0,18.4,1.0,0
CUST_01840,Colombo 1-15,2023-11-28,3.0,6.333333333333333,0.0,0
CUST_01841,Colombo 1-15,2023-06-21,2.0,41.5,1.0,0
CUST_01842,Colombo Suburbs,2023-02-03,7.0,51.285714285714285,5.0,1
CUST_01843,Colombo Suburbs,2023-06-18,5.0,10.6,0.0,0
CUST_01844,Colombo Suburbs,2023-02-18,3.0,26.333333333333332,1.0,0
CUST_01845,Galle,2023-10-13,2.0,31.0,1.0,0
CUST_01846,Colombo 1-15,2023-12-14,4.0,25.5,1.0,0
CUST_01847,Colombo 1-15,2023-07-17,1.0,3.0,0.0,0
CUST_01848,Colombo 1-15,2023-05-26,4.0,11.5,0.0,0
CUST_01849,Gampaha,2023-05-10,7.0,18.428571428571427,1.0,0
CUST_01850,Colombo Suburbs,2023-12-03,1.0,17.0,0.0,0
CUST_01851,Colombo 1-15,2023-11-05,3.0,17.666666666666668,1.0,0
CUST_01852,Gampaha,2023-03-18,4.0,32.0,1.0,0
CUST_01853,Gampaha,2023-06-20,3.0,26.0,1.0,0
CUST_01854,Gampaha,2023-02-11,3.0,6.666666666666667,0.0,0
CUST_01855,Galle,2023-10-26,2.0,30.0,1.0,1
CUST_01856,Colombo 1-15,2023-12-06,5.0,21.6,2.0,1
CUST_01857,Kandy,2023-03-14,4.0,22.5,2.0,0
CUST_01858,Colombo Suburbs,2023-06-29,5.0,21.2,1.0,1
CUST_01859,Gampaha,2023-06-08,1.0,5.0,0.0,0
CUST_01860,Kandy,2023-12-02,3.0,22.333333333333332,1.0,0
CUST_01861,Kandy,2023-12-24,3.0,30.666666666666668,2.0,1
CUST_01862,Colombo Suburbs,2023-12-06,3.0,46.666666666666664,2.0,1
CUST_01863,Colombo 1-15,2023-07-20,1.0,16.0,0.0,0
CUST_01864,Colombo Suburbs,2023-03-08,8.0,24.5,2.0,0
CUST_01865,Galle,2023-11-01,6.0,26.0,2.0,1
CUST_01866,Galle,2023-12-29,4.0,31.0,2.0,1
CUST_01867,Colombo 1-15,2023-02-13,5.0,40.6,3.0,1
CUST_01868,Colombo 1-15,2023-06-08,5.0,23.0,2.0,0
CUST_01869,Colombo 1-15,2023-10-14,4.0,27.5,1.0,1
CUST_01870,Kandy,2023-07-12,6.0,23.666666666666668,3.0,0
CUST_01871,Gampaha,2023-11-26,5.0,22.0,1.0,0
CUST_01872,Colombo 1-15,2023-06-18,1.0,23.0,0.0,0
CUST_01873,Colombo Suburbs,2023-03-07,5.0,35.0,3.0,1
CUST_01874,Gampaha,2023-12-10,4.0,23.0,1.0,1
CUST_01875,Kandy,2023-12-26,3.0,39.333333333333336,2.0,1
CUST_01876,Colombo Suburbs,2023-12-17,3.0,16.0,1.0,0
CUST_01877,Colombo Suburbs,2023-09-27,4.0,13.5,1.0,0
CUST_01878,Colombo Suburbs,2023-02-17,3.0,63.0,2.0,1
CUST_01879,Colombo 1-15,2023-11-27,4.0,27.25,1.0,0
CUST_01880,Colombo Suburbs,2023-12-10,4.0,18.75,0.0,0
CUST_01881,Colombo Suburbs,2023-08-05,4.0,18.5,0.0,0
CUST_01882,Gampaha,2023-09-18,6.0,36.833333333333336,3.0,1
CUST_01883,Colombo Suburbs,2023-07-05,0.0,0.0,0.0,0
CUST_01884,Kandy,2023-01-10,5.0,37.4,2.0,1
CUST_01885,Colombo 1-15,2023-07-05,3.0,42.333333333333336,3.0,1
CUST_01886,Colombo Suburbs,2023-06-08,6.0,20.333333333333332,1.0,0
CUST_01887,Colombo 1-15,2023-04-03,2.0,27.0,1.0,1
CUST_01888,Colombo 1-15,2023-04-20,0.0,0.0,0.0,0
CUST_01889,Kandy,2023-06-24,6.0,17.833333333333332,1.0,0
CUST_01890,Galle,2023-09-06,4.0,52.25,3.0,1
CUST_01891,Colombo 1-15,2023-04-09,3.0,33.0,1.0,0
CUST_01892,Colombo Suburbs,2023-04-26,2.0,5.0,0.0,0
CUST_01893,Gampaha,2023-03-12,5.0,49.8,3.0,1
CUST_01894,Colombo 1-15,2023-03-21,4.0,22.5,1.0,0
CUST_01895,Colombo Suburbs,2023-02-09,2.0,52.0,1.0,0
CUST_01896,Kandy,2023-06-01,4.0,47.75,3.0,1
CUST_01897,Colombo Suburbs,2023-02-21,4.0,13.75,0.0,0
CUST_01898,Colombo 1-15,2023-09-17,3.0,11.0,1.0,0
CUST_01899,Colombo 1-15,2023-10-04,3.0,57.0,2.0,1
CUST_01900,Kandy,2023-09-27,4.0,29.5,1.0,0
CUST_01901,Colombo Suburbs,2023-01-20,2.0,8.5,0.0,0
CUST_01902,Colombo 1-15,2023-12-05,4.0,41.75,2.0,1
CUST_01903,Kandy,2023-06-22,4.0,19.75,2.0,1
CUST_01904,Colombo 1-15,2023-11-13,4.0,26.5,1.0,0
CUST_01905,Kandy,2023-03-09,7.0,13.142857142857142,1.0,1
CUST_01906,Colombo 1-15,2023-11-02,3.0,53.0,2.0,1
CUST_01907,Galle,2023-07-12,5.0,33.2,3.0,1
CUST_01908,Colombo 1-15,2023-03-20,2.0,41.0,1.0,1
CUST_01909,Colombo 1-15,2023-03-25,4.0,4.0,0.0,0
CUST_01910,Colombo 1-15,2023-04-03,6.0,21.0,1.0,1
CUST_01911,Colombo 1-15,2023-12-21,4.0,23.25,2.0,0
CUST_01912,Gampaha,2023-11-16,3.0,16.0,0.0,0
CUST_01913,Galle,2023-03-26,2.0,27.0,1.0,1
CUST_01914,Colombo 1-15,2023-08-13,6.0,18.5,0.0,0
CUST_01915,Colombo Suburbs,2023-01-23,1.0,19.0,0.0,0
CUST_01916,Kandy,2023-07-30,3.0,36.333333333333336,2.0,1
CUST_01917,Gampaha,2023-07-06,8.0,36.125,4.0,1
CUST_01918,Colombo Suburbs,2023-12-13,3.0,26.666666666666668,2.0,1
CUST_01919,Colombo 1-15,2023-05-02,2.0,39.5,1.0,0
CUST_01920,Colombo Suburbs,2023-08-16,5.0,15.2,0.0,0
CUST_01921,Colombo Suburbs,2023-11-09,1.0,29.0,0.0,1
CUST_01922,Colombo 1-15,2023-05-26,4.0,22.75,2.0,0
CUST_01923,Colombo Suburbs,2023-08-18,5.0,38.2,2.0,1
CUST_01924,Colombo 1-15,2023-04-30,2.0,45.5,2.0,1
CUST_01925,Kandy,2023-10-01,6.0,17.833333333333332,1.0,0
CUST_01926,Colombo 1-15,2023-05-03,6.0,22.833333333333332,1.0,0
CUST_01927,Colombo Suburbs,2023-06-08,4.0,15.75,1.0,0
CUST_01928,Colombo Suburbs,2023-08-29,4.0,37.5,2.0,1
CUST_01929,Colombo Suburbs,2023-04-10,1.0,-1.0,0.0,0
CUST_01930,Colombo 1-15,2023-07-08,5.0,15.8,1.0,0
CUST_01931,Colombo Suburbs,2023-12-14,3.0,34.333333333333336,1.0,1
CUST_01932,Colombo Suburbs,2023-10-20,3.0,41.0,1.0,1
CUST_01933,Colombo Suburbs,2023-08-14,5.0,12.6,0.0,0
CUST_01934,Colombo Suburbs,2023-08-25,3.0,23.333333333333332,0.0,1
CUST_01935,Colombo Suburbs,2023-05-25,2.0,21.0,1.0,0
CUST_01936,Gampaha,2023-07-15,4.0,9.5,0.0,0
CUST_01937,Colombo 1-15,2023-09-15,3.0,62.333333333333336,2.0,1
CUST_01938,Gampaha,2023-09-28,2.0,18.0,0.0,1
CUST_01939,Colombo Suburbs,2023-08-03,5.0,28.0,1.0,0
CUST_01940,Colombo 1-15,2023-03-24,5.0,26.0,1.0,0
CUST_01941,Colombo 1-15,2023-04-13,2.0,42.5,1.0,1
CUST_01942,Colombo 1-15,2023-11-06,5.0,42.6,3.0,0
CUST_01943,Kandy,2023-03-12,1.0,17.0,0.0,0
CUST_01944,Kandy,2023-05-09,7.0,20.571428571428573,1.0,0
CUST_01945,Kandy,2023-01-27,7.0,26.0,2.0,0
CUST_01946,Colombo Suburbs,2023-11-25,2.0,5.0,0.0,0
CUST_01947,Colombo Suburbs,2023-09-04,5.0,40.6,3.0,1
CUST_01948,Colombo 1-15,2023-07-10,2.0,21.5,0.0,1
CUST_01949,Colombo 1-15,2023-10-11,3.0,4.333333333333333,0.0,0
CUST_01950,Colombo Suburbs,2023-02-22,1.0,47.0,1.0,1
CUST_01951,Colombo 1-15,2023-12-31,1.0,5.0,0.0,0
CUST_01952,Colombo 1-15,2023-09-22,5.0,26.4,2.0,1
CUST_01953,Colombo Suburbs,2023-03-05,5.0,32.6,3.0,1
CUST_01954,Kandy,2023-05-26,2.0,18.5,1.0,0
CUST_01955,Galle,2023-02-12,3.0,26.333333333333332,1.0,0
CUST_01956,Galle,2023-03-24,3.0,25.666666666666668,1.0,1
CUST_01957,Colombo Suburbs,2023-05-20,6.0,24.5,1.0,1
CUST_01958,Colombo Suburbs,2023-08-19,4.0,8.25,0.0,0
CUST_01959,Colombo Suburbs,2023-09-20,4.0,29.5,2.0,1
CUST_01960,Kandy,2023-03-17,3.0,22.666666666666668,1.0,0
CUST_01961,Colombo 1-15,2023-08-12,3.0,25.0,1.0,0
CUST_01962,Colombo Suburbs,2023-02-16,5.0,38.0,3.0,0
CUST_01963,Gampaha,2023-04-24,3.0,20.666666666666668,0.0,0
CUST_01964,Colombo 1-15,2023-08-19,0.0,0.0,0.0,0
CUST_01965,Colombo Suburbs,2023-06-28,2.0,20.5,1.0,0
CUST_01966,Colombo Suburbs,2023-01-14,7.0,28.0,2.0,1
CUST_01967,Colombo 1-15,2023-08-01,3.0,28.333333333333332,2.0,1
CUST_01968,Colombo 1-15,2023-01-28,6.0,28.833333333333332,4.0,0
CUST_01969,Colombo 1-15,2023-07-22,0.0,0.0,0.0,1
CUST_01970,Colombo 1-15,2023-09-15,3.0,32.333333333333336,2.0,0
CUST_01971,Colombo 1-15,2023-07-11,7.0,24.0,3.0,0
CUST_01972,Gampaha,2023-05-01,2.0,3.5,0.0,0
CUST_01973,Colombo 1-15,2023-07-17,5.0,39.0,3.0,1
CUST_01974,Colombo Suburbs,2023-02-11,1.0,33.0,1.0,0
CUST_01975,Colombo 1-15,2023-07-11,3.0,24.0,1.0,0
CUST_01976,Galle,2023-04-25,2.0,0.0,0.0,0
CUST_01977,Colombo 1-15,2023-01-15,2.0,22.0,0.0,0
CUST_01978,Colombo Suburbs,2023-06-13,2.0,41.0,1.0,1
CUST_01979,Gampaha,2023-02-20,3.0,18.0,1.0,0
CUST_01980,Gampaha,2024-01-01,3.0,34.333333333333336,2.0,1
CUST_01981,Colombo 1-15,2023-11-29,3.0,42.666666666666664,2.0,1
CUST_01982,Gampaha,2023-06-21,9.0,26.0,3.0,1
CUST_01983,Colombo Suburbs,2023-03-16,2.0,44.5,1.0,1
CUST_01984,Colombo Suburbs,2023-03-12,6.0,36.333333333333336,4.0,1
CUST_01985,Colombo 1-15,2023-01-20,1.0,7.0,0.0,0
CUST_01986,Colombo 1-15,2023-05-27,5.0,23.8,1.0,0
CUST_01987,Kandy,2023-08-30,4.0,31.75,1.0,0
CUST_01988,Colombo Suburbs,2023-12-23,2.0,20.5,1.0,0
CUST_01989,Colombo Suburbs,2023-03-13,3.0,14.0,0.0,0
CUST_01990,Kandy,2023-12-28,5.0,23.6,2.0,1
CUST_01991,Kandy,2023-08-29,5.0,20.4,1.0,0
CUST_01992,Colombo 1-15,2023-08-18,2.0,20.5,1.0,0
CUST_01993,Colombo Suburbs,2023-11-12,4.0,54.0,3.0,1
CUST_01994,Colombo 1-15,2023-01-03,6.0,22.333333333333332,1.0,1
CUST_01995,Kandy,2023-02-10,5.0,17.8,1.0,0
CUST_01996,Colombo Suburbs,2023-01-10,2.0,27.5,1.0,1
CUST_01997,Galle,2023-05-12,4.0,33.75,2.0,0
CUST_01998,Colombo 1-15,2023-04-21,3.0,27.333333333333332,1.0,1
CUST_01999,Colombo 1-15,2023-03-18,2.0,8.5,0.0,0
CUST_02000,Colombo 1-15,2023-10-08,0.0,0.0,0.0,0
